subject,n_test_win,n_fall_win,thr@1fad,recall@1fad,fp_day@1fad,thr@9fad,recall@9fad,fp_day@9fad
SA01,1265,76,0.998621,0.4737,0.0,0.998028,0.5395,0.0
SA02,1265,78,0.998552,0.4103,136.6,0.9984,0.4359,136.6
SA03,1265,77,0.999258,0.2078,0.0,0.999196,0.2338,0.0
SA04,1265,78,0.999424,0.1795,0.0,0.999052,0.359,0.0
SA05,1265,77,0.9991,0.3247,0.0,0.998824,0.4416,0.0
SA06,1265,76,0.99963,0.2895,0.0,0.998927,0.4868,0.0
SA07,1265,78,0.999363,0.3077,0.0,0.998633,0.5128,136.6
SA08,1265,75,0.999261,0.44,0.0,0.998878,0.56,0.0
SA09,1265,75,0.999408,0.2133,0.0,0.999077,0.3467,0.0
SA10,1265,77,0.998843,0.2857,0.0,0.998241,0.4026,0.0
SA11,1265,76,0.997883,0.4474,273.2,0.997338,0.4737,273.2
SA12,1265,79,0.999387,0.0506,0.0,0.998573,0.1646,0.0
SA13,1265,77,0.999014,0.1039,0.0,0.998621,0.1429,0.0
SA14,1265,76,0.999198,0.1842,0.0,0.998735,0.25,0.0
SA15,1265,77,0.998877,0.4805,0.0,0.998822,0.4805,0.0
SA16,1265,78,0.999353,0.4744,0.0,0.999012,0.5769,0.0
SA17,1253,76,0.997761,0.6579,0.0,0.997625,0.6579,0.0
SA18,1265,76,0.999201,0.5789,0.0,0.99876,0.6974,0.0
SA19,1265,79,0.999193,0.2278,0.0,0.998638,0.3797,0.0
SA20,1227,74,0.999109,0.3919,0.0,0.998756,0.5135,0.0
SA21,1265,75,0.997806,0.3067,0.0,0.997186,0.4133,0.0
SA22,1265,76,0.999457,0.3684,0.0,0.998834,0.5132,0.0
SA23,1265,79,0.999439,0.1899,0.0,0.999177,0.2785,136.6
SE01,733,0,0.998313,,0.0,0.998008,,0.0
SE02,461,0,0.999246,,0.0,0.998982,,0.0
SE03,592,0,0.999588,,0.0,0.999204,,0.0
SE04,573,0,0.998311,,0.0,0.997847,,0.0
SE05,577,0,0.998284,,0.0,0.998172,,0.0
SE06,1265,75,0.997923,0.2133,136.6,0.997495,0.2933,136.6
SE07,590,0,0.998365,,0.0,0.997085,,0.0
SE08,590,0,0.99985,,0.0,0.999587,,0.0
SE09,589,0,0.996841,,0.0,0.995738,,0.0
SE10,590,0,0.999617,,0.0,0.999141,,0.0
SE11,590,0,0.997909,,0.0,0.997329,,0.0
SE12,590,0,0.998927,,0.0,0.997717,,0.0
SE13,590,0,0.998642,,0.0,0.997022,,0.0
SE14,589,0,0.999006,,0.0,0.998566,,0.0
SE15,540,0,0.999654,,0.0,0.991241,,0.0
