run_id,pair_id,replicate,order_in_block,advertise_mode,scan_mode,distance_m,wifi_load,duration_s,screen,scan_filter,traffic
G0S-0001,PAIR_01,1,1,low_latency_100ms,low_latency,1,off,180,off,manufacturer_and_protocol_prefix,bidirectional_sos
G0S-0002,PAIR_01,1,2,balanced_250ms,balanced,5,off,180,off,manufacturer_and_protocol_prefix,bidirectional_sos
G0S-0003,PAIR_01,1,3,low_latency_100ms,balanced,5,udp_active,180,off,manufacturer_and_protocol_prefix,bidirectional_sos
G0S-0004,PAIR_01,1,4,balanced_250ms,balanced,1,off,180,off,manufacturer_and_protocol_prefix,bidirectional_sos
G0S-0005,PAIR_01,1,5,balanced_250ms,low_latency,5,udp_active,180,off,manufacturer_and_protocol_prefix,bidirectional_sos
G0S-0006,PAIR_01,1,6,balanced_250ms,balanced,1,udp_active,180,off,manufacturer_and_protocol_prefix,bidirectional_sos
G0S-0007,PAIR_01,1,7,low_latency_100ms,balanced,1,off,180,off,manufacturer_and_protocol_prefix,bidirectional_sos
G0S-0008,PAIR_01,1,8,low_latency_100ms,balanced,1,udp_active,180,off,manufacturer_and_protocol_prefix,bidirectional_sos
G0S-0009,PAIR_01,1,9,low_latency_100ms,low_latency,5,off,180,off,manufacturer_and_protocol_prefix,bidirectional_sos
G0S-0010,PAIR_01,1,10,low_latency_100ms,balanced,5,off,180,off,manufacturer_and_protocol_prefix,bidirectional_sos
G0S-0011,PAIR_01,1,11,balanced_250ms,low_latency,5,off,180,off,manufacturer_and_protocol_prefix,bidirectional_sos
G0S-0012,PAIR_01,1,12,balanced_250ms,low_latency,1,udp_active,180,off,manufacturer_and_protocol_prefix,bidirectional_sos
G0S-0013,PAIR_01,1,13,low_latency_100ms,low_latency,1,udp_active,180,off,manufacturer_and_protocol_prefix,bidirectional_sos
G0S-0014,PAIR_01,1,14,low_latency_100ms,low_latency,5,udp_active,180,off,manufacturer_and_protocol_prefix,bidirectional_sos
G0S-0015,PAIR_01,1,15,balanced_250ms,balanced,5,udp_active,180,off,manufacturer_and_protocol_prefix,bidirectional_sos
G0S-0016,PAIR_01,1,16,balanced_250ms,low_latency,1,off,180,off,manufacturer_and_protocol_prefix,bidirectional_sos
G0S-0017,PAIR_01,2,1,balanced_250ms,low_latency,5,udp_active,180,off,manufacturer_and_protocol_prefix,bidirectional_sos
G0S-0018,PAIR_01,2,2,balanced_250ms,balanced,5,off,180,off,manufacturer_and_protocol_prefix,bidirectional_sos
G0S-0019,PAIR_01,2,3,low_latency_100ms,low_latency,1,off,180,off,manufacturer_and_protocol_prefix,bidirectional_sos
G0S-0020,PAIR_01,2,4,balanced_250ms,low_latency,5,off,180,off,manufacturer_and_protocol_prefix,bidirectional_sos
G0S-0021,PAIR_01,2,5,balanced_250ms,low_latency,1,udp_active,180,off,manufacturer_and_protocol_prefix,bidirectional_sos
G0S-0022,PAIR_01,2,6,balanced_250ms,balanced,1,udp_active,180,off,manufacturer_and_protocol_prefix,bidirectional_sos
G0S-0023,PAIR_01,2,7,balanced_250ms,low_latency,1,off,180,off,manufacturer_and_protocol_prefix,bidirectional_sos
G0S-0024,PAIR_01,2,8,balanced_250ms,balanced,1,off,180,off,manufacturer_and_protocol_prefix,bidirectional_sos
G0S-0025,PAIR_01,2,9,low_latency_100ms,low_latency,5,off,180,off,manufacturer_and_protocol_prefix,bidirectional_sos
G0S-0026,PAIR_01,2,10,balanced_250ms,balanced,5,udp_active,180,off,manufacturer_and_protocol_prefix,bidirectional_sos
G0S-0027,PAIR_01,2,11,low_latency_100ms,balanced,5,off,180,off,manufacturer_and_protocol_prefix,bidirectional_sos
G0S-0028,PAIR_01,2,12,low_latency_100ms,balanced,5,udp_active,180,off,manufacturer_and_protocol_prefix,bidirectional_sos
G0S-0029,PAIR_01,2,13,low_latency_100ms,low_latency,5,udp_active,180,off,manufacturer_and_protocol_prefix,bidirectional_sos
G0S-0030,PAIR_01,2,14,low_latency_100ms,balanced,1,udp_active,180,off,manufacturer_and_protocol_prefix,bidirectional_sos
G0S-0031,PAIR_01,2,15,low_latency_100ms,balanced,1,off,180,off,manufacturer_and_protocol_prefix,bidirectional_sos
G0S-0032,PAIR_01,2,16,low_latency_100ms,low_latency,1,udp_active,180,off,manufacturer_and_protocol_prefix,bidirectional_sos
G0S-0033,PAIR_01,3,1,balanced_250ms,balanced,5,udp_active,180,off,manufacturer_and_protocol_prefix,bidirectional_sos
G0S-0034,PAIR_01,3,2,balanced_250ms,low_latency,1,off,180,off,manufacturer_and_protocol_prefix,bidirectional_sos
G0S-0035,PAIR_01,3,3,low_latency_100ms,balanced,5,off,180,off,manufacturer_and_protocol_prefix,bidirectional_sos
G0S-0036,PAIR_01,3,4,low_latency_100ms,balanced,1,udp_active,180,off,manufacturer_and_protocol_prefix,bidirectional_sos
G0S-0037,PAIR_01,3,5,balanced_250ms,balanced,5,off,180,off,manufacturer_and_protocol_prefix,bidirectional_sos
G0S-0038,PAIR_01,3,6,balanced_250ms,balanced,1,off,180,off,manufacturer_and_protocol_prefix,bidirectional_sos
G0S-0039,PAIR_01,3,7,low_latency_100ms,low_latency,1,off,180,off,manufacturer_and_protocol_prefix,bidirectional_sos
G0S-0040,PAIR_01,3,8,balanced_250ms,low_latency,5,udp_active,180,off,manufacturer_and_protocol_prefix,bidirectional_sos
G0S-0041,PAIR_01,3,9,low_latency_100ms,low_latency,5,udp_active,180,off,manufacturer_and_protocol_prefix,bidirectional_sos
G0S-0042,PAIR_01,3,10,balanced_250ms,low_latency,5,off,180,off,manufacturer_and_protocol_prefix,bidirectional_sos
G0S-0043,PAIR_01,3,11,balanced_250ms,low_latency,1,udp_active,180,off,manufacturer_and_protocol_prefix,bidirectional_sos
G0S-0044,PAIR_01,3,12,low_latency_100ms,low_latency,5,off,180,off,manufacturer_and_protocol_prefix,bidirectional_sos
G0S-0045,PAIR_01,3,13,low_latency_100ms,balanced,5,udp_active,180,off,manufacturer_and_protocol_prefix,bidirectional_sos
G0S-0046,PAIR_01,3,14,balanced_250ms,balanced,1,udp_active,180,off,manufacturer_and_protocol_prefix,bidirectional_sos
G0S-0047,PAIR_01,3,15,low_latency_100ms,balanced,1,off,180,off,manufacturer_and_protocol_prefix,bidirectional_sos
G0S-0048,PAIR_01,3,16,low_latency_100ms,low_latency,1,udp_active,180,off,manufacturer_and_protocol_prefix,bidirectional_sos
G0S-0049,PAIR_02,1,1,low_latency_100ms,low_latency,1,udp_active,180,off,manufacturer_and_protocol_prefix,bidirectional_sos
G0S-0050,PAIR_02,1,2,low_latency_100ms,low_latency,5,udp_active,180,off,manufacturer_and_protocol_prefix,bidirectional_sos
G0S-0051,PAIR_02,1,3,balanced_250ms,balanced,1,off,180,off,manufacturer_and_protocol_prefix,bidirectional_sos
G0S-0052,PAIR_02,1,4,balanced_250ms,balanced,5,udp_active,180,off,manufacturer_and_protocol_prefix,bidirectional_sos
G0S-0053,PAIR_02,1,5,low_latency_100ms,balanced,1,off,180,off,manufacturer_and_protocol_prefix,bidirectional_sos
G0S-0054,PAIR_02,1,6,low_latency_100ms,balanced,5,udp_active,180,off,manufacturer_and_protocol_prefix,bidirectional_sos
G0S-0055,PAIR_02,1,7,balanced_250ms,balanced,5,off,180,off,manufacturer_and_protocol_prefix,bidirectional_sos
G0S-0056,PAIR_02,1,8,low_latency_100ms,balanced,5,off,180,off,manufacturer_and_protocol_prefix,bidirectional_sos
G0S-0057,PAIR_02,1,9,balanced_250ms,balanced,1,udp_active,180,off,manufacturer_and_protocol_prefix,bidirectional_sos
G0S-0058,PAIR_02,1,10,balanced_250ms,low_latency,5,udp_active,180,off,manufacturer_and_protocol_prefix,bidirectional_sos
G0S-0059,PAIR_02,1,11,balanced_250ms,low_latency,1,udp_active,180,off,manufacturer_and_protocol_prefix,bidirectional_sos
G0S-0060,PAIR_02,1,12,low_latency_100ms,low_latency,5,off,180,off,manufacturer_and_protocol_prefix,bidirectional_sos
G0S-0061,PAIR_02,1,13,balanced_250ms,low_latency,5,off,180,off,manufacturer_and_protocol_prefix,bidirectional_sos
G0S-0062,PAIR_02,1,14,balanced_250ms,low_latency,1,off,180,off,manufacturer_and_protocol_prefix,bidirectional_sos
G0S-0063,PAIR_02,1,15,low_latency_100ms,low_latency,1,off,180,off,manufacturer_and_protocol_prefix,bidirectional_sos
G0S-0064,PAIR_02,1,16,low_latency_100ms,balanced,1,udp_active,180,off,manufacturer_and_protocol_prefix,bidirectional_sos
G0S-0065,PAIR_02,2,1,balanced_250ms,low_latency,1,udp_active,180,off,manufacturer_and_protocol_prefix,bidirectional_sos
G0S-0066,PAIR_02,2,2,low_latency_100ms,low_latency,5,off,180,off,manufacturer_and_protocol_prefix,bidirectional_sos
G0S-0067,PAIR_02,2,3,balanced_250ms,low_latency,5,off,180,off,manufacturer_and_protocol_prefix,bidirectional_sos
G0S-0068,PAIR_02,2,4,balanced_250ms,low_latency,1,off,180,off,manufacturer_and_protocol_prefix,bidirectional_sos
G0S-0069,PAIR_02,2,5,balanced_250ms,balanced,5,off,180,off,manufacturer_and_protocol_prefix,bidirectional_sos
G0S-0070,PAIR_02,2,6,low_latency_100ms,balanced,5,udp_active,180,off,manufacturer_and_protocol_prefix,bidirectional_sos
G0S-0071,PAIR_02,2,7,balanced_250ms,balanced,1,off,180,off,manufacturer_and_protocol_prefix,bidirectional_sos
G0S-0072,PAIR_02,2,8,balanced_250ms,low_latency,5,udp_active,180,off,manufacturer_and_protocol_prefix,bidirectional_sos
G0S-0073,PAIR_02,2,9,low_latency_100ms,low_latency,5,udp_active,180,off,manufacturer_and_protocol_prefix,bidirectional_sos
G0S-0074,PAIR_02,2,10,balanced_250ms,balanced,5,udp_active,180,off,manufacturer_and_protocol_prefix,bidirectional_sos
G0S-0075,PAIR_02,2,11,low_latency_100ms,balanced,5,off,180,off,manufacturer_and_protocol_prefix,bidirectional_sos
G0S-0076,PAIR_02,2,12,low_latency_100ms,low_latency,1,off,180,off,manufacturer_and_protocol_prefix,bidirectional_sos
G0S-0077,PAIR_02,2,13,low_latency_100ms,balanced,1,udp_active,180,off,manufacturer_and_protocol_prefix,bidirectional_sos
G0S-0078,PAIR_02,2,14,balanced_250ms,balanced,1,udp_active,180,off,manufacturer_and_protocol_prefix,bidirectional_sos
G0S-0079,PAIR_02,2,15,low_latency_100ms,balanced,1,off,180,off,manufacturer_and_protocol_prefix,bidirectional_sos
G0S-0080,PAIR_02,2,16,low_latency_100ms,low_latency,1,udp_active,180,off,manufacturer_and_protocol_prefix,bidirectional_sos
G0S-0081,PAIR_02,3,1,low_latency_100ms,balanced,1,udp_active,180,off,manufacturer_and_protocol_prefix,bidirectional_sos
G0S-0082,PAIR_02,3,2,low_latency_100ms,balanced,5,udp_active,180,off,manufacturer_and_protocol_prefix,bidirectional_sos
G0S-0083,PAIR_02,3,3,balanced_250ms,balanced,1,off,180,off,manufacturer_and_protocol_prefix,bidirectional_sos
G0S-0084,PAIR_02,3,4,balanced_250ms,balanced,5,udp_active,180,off,manufacturer_and_protocol_prefix,bidirectional_sos
G0S-0085,PAIR_02,3,5,low_latency_100ms,low_latency,5,udp_active,180,off,manufacturer_and_protocol_prefix,bidirectional_sos
G0S-0086,PAIR_02,3,6,balanced_250ms,low_latency,1,off,180,off,manufacturer_and_protocol_prefix,bidirectional_sos
G0S-0087,PAIR_02,3,7,low_latency_100ms,balanced,5,off,180,off,manufacturer_and_protocol_prefix,bidirectional_sos
G0S-0088,PAIR_02,3,8,balanced_250ms,balanced,1,udp_active,180,off,manufacturer_and_protocol_prefix,bidirectional_sos
G0S-0089,PAIR_02,3,9,low_latency_100ms,low_latency,5,off,180,off,manufacturer_and_protocol_prefix,bidirectional_sos
G0S-0090,PAIR_02,3,10,balanced_250ms,low_latency,5,off,180,off,manufacturer_and_protocol_prefix,bidirectional_sos
G0S-0091,PAIR_02,3,11,low_latency_100ms,low_latency,1,udp_active,180,off,manufacturer_and_protocol_prefix,bidirectional_sos
G0S-0092,PAIR_02,3,12,low_latency_100ms,balanced,1,off,180,off,manufacturer_and_protocol_prefix,bidirectional_sos
G0S-0093,PAIR_02,3,13,balanced_250ms,low_latency,5,udp_active,180,off,manufacturer_and_protocol_prefix,bidirectional_sos
G0S-0094,PAIR_02,3,14,low_latency_100ms,low_latency,1,off,180,off,manufacturer_and_protocol_prefix,bidirectional_sos
G0S-0095,PAIR_02,3,15,balanced_250ms,low_latency,1,udp_active,180,off,manufacturer_and_protocol_prefix,bidirectional_sos
G0S-0096,PAIR_02,3,16,balanced_250ms,balanced,5,off,180,off,manufacturer_and_protocol_prefix,bidirectional_sos
G0S-0097,PAIR_03,1,1,low_latency_100ms,balanced,5,off,180,off,manufacturer_and_protocol_prefix,bidirectional_sos
G0S-0098,PAIR_03,1,2,low_latency_100ms,low_latency,1,off,180,off,manufacturer_and_protocol_prefix,bidirectional_sos
G0S-0099,PAIR_03,1,3,balanced_250ms,balanced,5,off,180,off,manufacturer_and_protocol_prefix,bidirectional_sos
G0S-0100,PAIR_03,1,4,balanced_250ms,low_latency,5,udp_active,180,off,manufacturer_and_protocol_prefix,bidirectional_sos
G0S-0101,PAIR_03,1,5,balanced_250ms,balanced,1,off,180,off,manufacturer_and_protocol_prefix,bidirectional_sos
G0S-0102,PAIR_03,1,6,balanced_250ms,balanced,5,udp_active,180,off,manufacturer_and_protocol_prefix,bidirectional_sos
G0S-0103,PAIR_03,1,7,low_latency_100ms,low_latency,1,udp_active,180,off,manufacturer_and_protocol_prefix,bidirectional_sos
G0S-0104,PAIR_03,1,8,low_latency_100ms,balanced,5,udp_active,180,off,manufacturer_and_protocol_prefix,bidirectional_sos
G0S-0105,PAIR_03,1,9,low_latency_100ms,balanced,1,off,180,off,manufacturer_and_protocol_prefix,bidirectional_sos
G0S-0106,PAIR_03,1,10,balanced_250ms,balanced,1,udp_active,180,off,manufacturer_and_protocol_prefix,bidirectional_sos
G0S-0107,PAIR_03,1,11,balanced_250ms,low_latency,1,off,180,off,manufacturer_and_protocol_prefix,bidirectional_sos
G0S-0108,PAIR_03,1,12,low_latency_100ms,low_latency,5,off,180,off,manufacturer_and_protocol_prefix,bidirectional_sos
G0S-0109,PAIR_03,1,13,low_latency_100ms,low_latency,5,udp_active,180,off,manufacturer_and_protocol_prefix,bidirectional_sos
G0S-0110,PAIR_03,1,14,low_latency_100ms,balanced,1,udp_active,180,off,manufacturer_and_protocol_prefix,bidirectional_sos
G0S-0111,PAIR_03,1,15,balanced_250ms,low_latency,5,off,180,off,manufacturer_and_protocol_prefix,bidirectional_sos
G0S-0112,PAIR_03,1,16,balanced_250ms,low_latency,1,udp_active,180,off,manufacturer_and_protocol_prefix,bidirectional_sos
G0S-0113,PAIR_03,2,1,balanced_250ms,low_latency,1,udp_active,180,off,manufacturer_and_protocol_prefix,bidirectional_sos
G0S-0114,PAIR_03,2,2,low_latency_100ms,low_latency,1,udp_active,180,off,manufacturer_and_protocol_prefix,bidirectional_sos
G0S-0115,PAIR_03,2,3,low_latency_100ms,low_latency,5,udp_active,180,off,manufacturer_and_protocol_prefix,bidirectional_sos
G0S-0116,PAIR_03,2,4,balanced_250ms,low_latency,1,off,180,off,manufacturer_and_protocol_prefix,bidirectional_sos
G0S-0117,PAIR_03,2,5,low_latency_100ms,low_latency,1,off,180,off,manufacturer_and_protocol_prefix,bidirectional_sos
G0S-0118,PAIR_03,2,6,balanced_250ms,balanced,1,off,180,off,manufacturer_and_protocol_prefix,bidirectional_sos
G0S-0119,PAIR_03,2,7,low_latency_100ms,balanced,1,udp_active,180,off,manufacturer_and_protocol_prefix,bidirectional_sos
G0S-0120,PAIR_03,2,8,balanced_250ms,low_latency,5,udp_active,180,off,manufacturer_and_protocol_prefix,bidirectional_sos
G0S-0121,PAIR_03,2,9,low_latency_100ms,balanced,5,udp_active,180,off,manufacturer_and_protocol_prefix,bidirectional_sos
G0S-0122,PAIR_03,2,10,balanced_250ms,balanced,5,off,180,off,manufacturer_and_protocol_prefix,bidirectional_sos
G0S-0123,PAIR_03,2,11,balanced_250ms,low_latency,5,off,180,off,manufacturer_and_protocol_prefix,bidirectional_sos
G0S-0124,PAIR_03,2,12,low_latency_100ms,balanced,5,off,180,off,manufacturer_and_protocol_prefix,bidirectional_sos
G0S-0125,PAIR_03,2,13,low_latency_100ms,low_latency,5,off,180,off,manufacturer_and_protocol_prefix,bidirectional_sos
G0S-0126,PAIR_03,2,14,balanced_250ms,balanced,1,udp_active,180,off,manufacturer_and_protocol_prefix,bidirectional_sos
G0S-0127,PAIR_03,2,15,low_latency_100ms,balanced,1,off,180,off,manufacturer_and_protocol_prefix,bidirectional_sos
G0S-0128,PAIR_03,2,16,balanced_250ms,balanced,5,udp_active,180,off,manufacturer_and_protocol_prefix,bidirectional_sos
G0S-0129,PAIR_03,3,1,balanced_250ms,balanced,5,udp_active,180,off,manufacturer_and_protocol_prefix,bidirectional_sos
G0S-0130,PAIR_03,3,2,low_latency_100ms,balanced,5,udp_active,180,off,manufacturer_and_protocol_prefix,bidirectional_sos
G0S-0131,PAIR_03,3,3,balanced_250ms,low_latency,1,udp_active,180,off,manufacturer_and_protocol_prefix,bidirectional_sos
G0S-0132,PAIR_03,3,4,balanced_250ms,balanced,5,off,180,off,manufacturer_and_protocol_prefix,bidirectional_sos
G0S-0133,PAIR_03,3,5,balanced_250ms,balanced,1,off,180,off,manufacturer_and_protocol_prefix,bidirectional_sos
G0S-0134,PAIR_03,3,6,balanced_250ms,low_latency,5,udp_active,180,off,manufacturer_and_protocol_prefix,bidirectional_sos
G0S-0135,PAIR_03,3,7,balanced_250ms,low_latency,5,off,180,off,manufacturer_and_protocol_prefix,bidirectional_sos
G0S-0136,PAIR_03,3,8,balanced_250ms,low_latency,1,off,180,off,manufacturer_and_protocol_prefix,bidirectional_sos
G0S-0137,PAIR_03,3,9,low_latency_100ms,low_latency,1,off,180,off,manufacturer_and_protocol_prefix,bidirectional_sos
G0S-0138,PAIR_03,3,10,low_latency_100ms,balanced,5,off,180,off,manufacturer_and_protocol_prefix,bidirectional_sos
G0S-0139,PAIR_03,3,11,low_latency_100ms,low_latency,5,off,180,off,manufacturer_and_protocol_prefix,bidirectional_sos
G0S-0140,PAIR_03,3,12,low_latency_100ms,low_latency,5,udp_active,180,off,manufacturer_and_protocol_prefix,bidirectional_sos
G0S-0141,PAIR_03,3,13,low_latency_100ms,low_latency,1,udp_active,180,off,manufacturer_and_protocol_prefix,bidirectional_sos
G0S-0142,PAIR_03,3,14,low_latency_100ms,balanced,1,udp_active,180,off,manufacturer_and_protocol_prefix,bidirectional_sos
G0S-0143,PAIR_03,3,15,low_latency_100ms,balanced,1,off,180,off,manufacturer_and_protocol_prefix,bidirectional_sos
G0S-0144,PAIR_03,3,16,balanced_250ms,balanced,1,udp_active,180,off,manufacturer_and_protocol_prefix,bidirectional_sos
