n_nodes,n_sos,beacon_interval_s,pdr_flood,pdr_gradient,pdr_gain,tx_flood,tx_gradient,tx_saving,beacon_share_flood,beacon_share_gradient
50,5,1.0,0.946667,0.82,-0.126667,406.6533,432.31,-25.6567,0.88,0.9766
50,5,2.0,0.926667,0.82,-0.106667,221.03,208.5367,12.4933,0.7861,0.953
50,5,5.0,0.933333,0.84,-0.093333,112.8167,86.9572,25.8595,0.6089,0.8901
50,5,30.0,0.946667,0.833333,-0.113334,52.8667,22.3072,30.5595,0.2173,0.576
50,20,1.0,0.403333,0.441667,0.038334,251.8085,217.5262,34.2823,0.8674,0.9558
50,20,2.0,0.408333,0.438333,0.03,132.7732,108.5755,24.1977,0.7653,0.9148
50,20,5.0,0.408333,0.445,0.036667,70.3318,47.0025,23.3293,0.5773,0.8155
50,20,30.0,0.4,0.436667,0.036667,36.0539,14.5573,21.4966,0.1959,0.4405
100,5,1.0,0.88,0.733333,-0.146667,869.7406,1035.9661,-166.2255,0.8872,0.9847
100,5,2.0,0.906667,0.726667,-0.18,413.7372,459.1994,-45.4622,0.7942,0.9665
100,5,5.0,0.873333,0.72,-0.153333,215.4372,192.6406,22.7966,0.6275,0.9204
100,5,30.0,0.873333,0.72,-0.153333,98.2967,42.3894,55.9073,0.234,0.6734
100,20,1.0,0.285,0.328333,0.043333,674.1849,552.5059,121.679,0.8889,0.9696
100,20,2.0,0.288333,0.325,0.036667,325.8446,257.2873,68.5573,0.7916,0.9384
100,20,5.0,0.291667,0.33,0.038333,162.6284,110.179,52.4494,0.6163,0.8587
100,20,30.0,0.285,0.328333,0.043333,78.3755,29.5644,48.8111,0.2251,0.525
200,5,1.0,0.786667,0.686667,-0.1,2047.7117,2282.7544,-235.0427,0.9205,0.9898
200,5,2.0,0.793333,0.686667,-0.106666,898.9894,935.9233,-36.9339,0.8426,0.9763
200,5,5.0,0.786667,0.706667,-0.08,428.2844,385.0378,43.2466,0.6956,0.9414
200,5,30.0,0.753333,0.686667,-0.066666,176.6689,79.105,97.5639,0.2983,0.7382
200,20,1.0,0.233333,0.285,0.051667,1908.1172,1485.4536,422.6636,0.9186,0.9818
200,20,2.0,0.226667,0.283333,0.056666,866.7085,604.6512,262.0573,0.8392,0.9587
200,20,5.0,0.226667,0.278333,0.051666,404.4293,250.9266,153.5027,0.6866,0.9012
200,20,30.0,0.231667,0.291667,0.06,156.6201,56.3926,100.2275,0.2845,0.6278
