n_nodes,n_sos,beacon_interval_s,strategy,n_seeds,pdr_mean,beacon_share_mean,tx_per_delivered_mean,fairness_mean
100,20,1.0,flood,30,0.285,0.8889,674.1849,0.2169
100,20,1.0,gradient,30,0.328333,0.9696,552.5059,0.2283
100,20,2.0,flood,30,0.288333,0.7916,325.8446,0.2181
100,20,2.0,gradient,30,0.325,0.9384,257.2873,0.2246
100,20,30.0,flood,30,0.285,0.2251,78.3755,0.2175
100,20,30.0,gradient,30,0.328333,0.525,29.5644,0.2318
100,20,5.0,flood,30,0.291667,0.6163,162.6284,0.2219
100,20,5.0,gradient,30,0.33,0.8587,110.179,0.2283
100,5,1.0,flood,30,0.88,0.8872,869.7406,0.872
100,5,1.0,gradient,30,0.733333,0.9847,1035.9661,0.6383
100,5,2.0,flood,30,0.906667,0.7942,413.7372,0.8844
100,5,2.0,gradient,30,0.726667,0.9665,459.1994,0.6323
100,5,30.0,flood,30,0.873333,0.234,98.2967,0.8661
100,5,30.0,gradient,30,0.72,0.6734,42.3894,0.6316
100,5,5.0,flood,30,0.873333,0.6275,215.4372,0.869
100,5,5.0,gradient,30,0.72,0.9204,192.6406,0.6357
200,20,1.0,flood,30,0.233333,0.9186,1908.1172,0.1973
200,20,1.0,gradient,30,0.285,0.9818,1485.4536,0.2107
200,20,2.0,flood,30,0.226667,0.8392,866.7085,0.1985
200,20,2.0,gradient,30,0.283333,0.9587,604.6512,0.211
200,20,30.0,flood,30,0.231667,0.2845,156.6201,0.1994
200,20,30.0,gradient,30,0.291667,0.6278,56.3926,0.2146
200,20,5.0,flood,30,0.226667,0.6866,404.4293,0.1967
200,20,5.0,gradient,30,0.278333,0.9012,250.9266,0.2141
200,5,1.0,flood,30,0.786667,0.9205,2047.7117,0.7795
200,5,1.0,gradient,30,0.686667,0.9898,2282.7544,0.6015
200,5,2.0,flood,30,0.793333,0.8426,898.9894,0.7752
200,5,2.0,gradient,30,0.686667,0.9763,935.9233,0.5986
200,5,30.0,flood,30,0.753333,0.2983,176.6689,0.7492
200,5,30.0,gradient,30,0.686667,0.7382,79.105,0.5889
200,5,5.0,flood,30,0.786667,0.6956,428.2844,0.7663
200,5,5.0,gradient,30,0.706667,0.9414,385.0378,0.6103
50,20,1.0,flood,30,0.403333,0.8674,251.8085,0.2576
50,20,1.0,gradient,30,0.441667,0.9558,217.5262,0.2817
50,20,2.0,flood,30,0.408333,0.7653,132.7732,0.2593
50,20,2.0,gradient,30,0.438333,0.9148,108.5755,0.2809
50,20,30.0,flood,30,0.4,0.1959,36.0539,0.2611
50,20,30.0,gradient,30,0.436667,0.4405,14.5573,0.2829
50,20,5.0,flood,30,0.408333,0.5773,70.3318,0.2614
50,20,5.0,gradient,30,0.445,0.8155,47.0025,0.2846
50,5,1.0,flood,30,0.946667,0.88,406.6533,0.9207
50,5,1.0,gradient,30,0.82,0.9766,432.31,0.7501
50,5,2.0,flood,30,0.926667,0.7861,221.03,0.9218
50,5,2.0,gradient,30,0.82,0.953,208.5367,0.7432
50,5,30.0,flood,30,0.946667,0.2173,52.8667,0.9262
50,5,30.0,gradient,30,0.833333,0.576,22.3072,0.7398
50,5,5.0,flood,30,0.933333,0.6089,112.8167,0.9198
50,5,5.0,gradient,30,0.84,0.8901,86.9572,0.7484
