strategy,n_nodes,n_sos,sf,start_mode,duration_s,beacon_interval_s,control_plane_mode,rx_policy,n_seeds,mean_delivered,std_delivered,mean_pdr,std_pdr,mean_latency_p50,std_latency_p50,mean_latency_p95,std_latency_p95,mean_transmissions_per_delivered,std_transmissions_per_delivered,mean_airtime_total_s,std_airtime_total_s,mean_airtime_control_s,std_airtime_control_s,mean_airtime_data_s,std_airtime_data_s,mean_control_airtime_ratio,std_control_airtime_ratio,mean_duplicate_ratio,std_duplicate_ratio,mean_jain_fairness,std_jain_fairness,mean_deferred_count,std_deferred_count,mean_collisions,std_collisions,mean_reconvergence_s,std_reconvergence_s,mean_total_transmissions,std_total_transmissions,mean_data_transmissions,std_data_transmissions,mean_control_transmissions,std_control_transmissions,mean_beacon_receptions,std_beacon_receptions,mean_data_receptions,std_data_receptions,mean_missed_due_to_sleep,std_missed_due_to_sleep,mean_hop_learned_fraction,std_hop_learned_fraction,mean_mean_awake_fraction,std_mean_awake_fraction,mean_link_failures,std_link_failures,mean_mean_link_delay_s,std_mean_link_delay_s,evidence
flood,25,5,7,warm,240.0,60.0,node_hello,continuous,20,4.95,0.21794494717703367,0.99,0.043588989435406726,0.22226476850877147,0.17968952410179193,1.1316276658743771,0.7499690627666803,25.2125,1.8517474854849947,14.941043199999992,0.35851747994562577,5.351423999999995,0.0,9.589619199999998,0.3585174799456259,0.35838412374373385,0.00895457604190028,0.7692358876638224,0.02416657080603035,0.99,0.043588989435406726,0.0,0.0,171.7,8.474078120952155,0.0,0.0,228.45,4.652687395473717,124.45,4.652687395473717,104.0,0.0,142.35,69.7138974667175,536.55,54.952229254144,0.0,0.0,0.192,0.31409552687040926,1.0,0.0,0.0,0.0,0.0,0.0,SIM
flood,25,5,7,cold,240.0,60.0,node_hello,continuous,20,5.0,0.0,1.0,0.0,0.2679569274137972,0.3527242314617229,1.0340230781189803,0.5506378756414384,25.0,0.7266360849833982,14.983423999999994,0.27995835082240583,5.351423999999995,0.0,9.631999999999998,0.27995835082240605,0.3572845112945924,0.006865084694167093,0.75872528724189,0.029523437928880188,1.0,0.0,0.0,0.0,174.4,8.867919710958146,0.0,0.0,229.0,3.63318042491699,125.0,3.63318042491699,104.0,0.0,140.65,73.25249142520683,517.2,61.976285787388065,0.0,0.0,0.0,0.0,1.0,0.0,0.0,0.0,0.0,0.0,SIM
flood,25,5,9,warm,240.0,60.0,node_hello,continuous,20,3.9,1.2609520212918492,0.78,0.2521904042583698,0.437215307786116,0.33594363656811627,1.073107491397281,0.7941278940719974,32.861666666666665,23.3202517496417,46.53670400000009,2.8360224162318666,19.275776000000032,0.0,27.260928000000057,2.8360224162318657,0.4156994417285838,0.024571455215425718,0.36066797479266927,0.15035650789055585,0.78,0.2521904042583698,0.0,0.0,195.0,8.769264507357502,0.0,0.0,206.0,10.611314715905849,102.0,10.611314715905849,104.0,0.0,6.95,16.67175755581876,164.1,56.620579297637,0.0,0.0,0.03,0.1307669683062202,1.0,0.0,0.0,0.0,0.0,0.0,SIM
flood,25,5,9,cold,240.0,60.0,node_hello,continuous,20,4.05,1.2031209415515964,0.8099999999999999,0.2406241883103193,0.3379564122321842,0.1416969864568227,0.9712548615364176,0.5981518360879204,31.924166666666668,23.27201077295786,46.99105280000009,2.7072932956860423,19.275776000000032,0.0,27.715276800000062,2.7072932956860414,0.411533573853613,0.023184306010351534,0.392164780511114,0.16027509181629854,0.8099999999999999,0.2406241883103193,0.0,0.0,195.9,7.961783719745218,0.0,0.0,207.7,10.129659421717989,103.7,10.129659421717989,104.0,0.0,8.15,19.437785367680135,177.9,61.509267594404015,0.0,0.0,0.0,0.0,1.0,0.0,0.0,0.0,0.0,0.0,SIM
flood,25,20,7,warm,240.0,60.0,node_hello,continuous,20,19.75,0.698212002188447,0.9875,0.03491060010942236,0.16905486905711536,0.09377969813874379,1.2391720098513903,0.6032070240343681,25.469295665634675,0.49326273129291526,44.09903359999973,1.2191601030574277,5.351423999999995,0.0,38.747609599999734,1.2191601030574277,0.12145122909865624,0.003660052505659315,0.7734551209980385,0.012918316075215722,0.9875,0.03491060010942236,0.0,0.0,413.55,14.796874670010556,0.0,0.0,606.85,15.821741370658287,502.85,15.821741370658287,104.0,0.0,127.65,72.94674427279124,2182.05,162.78190163528623,0.0,0.0,0.198,0.32458589001988364,1.0,0.0,0.0,0.0,0.0,0.0,SIM
flood,25,20,7,cold,240.0,60.0,node_hello,continuous,20,19.8,0.6782329983125268,0.99,0.03391164991562635,0.21347045842291554,0.14103670218630596,1.1616624100233635,0.4358830935389659,25.488374613003096,0.39276314653154076,44.23002879999972,1.2109013903565056,5.351423999999995,0.0,38.878604799999735,1.2109013903565056,0.12109048328965606,0.0036459752714863842,0.7670611534951806,0.015901230043241784,0.99,0.03391164991562635,0.0,0.0,420.1,14.463402089411744,0.0,0.0,608.55,15.714563309236436,504.55,15.714563309236436,104.0,0.0,121.85,66.5546955518542,2127.0,175.109965450285,0.0,0.0,0.0,0.0,1.0,0.0,0.0,0.0,0.0,0.0,SIM
flood,25,20,9,warm,240.0,60.0,node_hello,continuous,20,16.05,2.0609463845524947,0.8025,0.10304731922762474,0.2672640000000044,5.944827041546401e-15,1.416918920901031,0.8545906993967142,25.935256022786984,3.5737604346775553,128.78719999999933,6.066878082801467,19.275776000000032,0.0,109.51142399999928,6.066878082801471,0.150010208315591,0.0072010570924033,0.4238598475737345,0.04601160353312968,0.8025,0.10304731922762474,0.0,0.0,470.9,21.127943581901196,0.0,0.0,513.75,22.699944933853914,409.75,22.699944933853914,104.0,0.0,5.3,13.1190700889964,684.9,72.47820362012293,0.0,0.0,0.026000000000000002,0.11333137253205752,1.0,0.0,0.0,0.0,0.0,0.0,SIM
flood,25,20,9,cold,240.0,60.0,node_hello,continuous,20,15.95,2.03654118544163,0.7975,0.10182705927208151,0.267263999999998,1.1082228213748185e-15,1.559674281287217,0.9076384982875721,26.006583637166067,3.5581041813685226,128.42639359999933,5.953091874951426,19.275776000000032,0.0,109.15061759999928,5.953091874951429,0.15041869417292295,0.007059742919281585,0.4218956448510386,0.04067686121343077,0.7975,0.10182705927208151,0.0,0.0,469.85,20.888453748422837,0.0,0.0,512.4,22.27420032234603,408.4,22.27420032234603,104.0,0.0,6.0,14.872793954062566,678.8,65.43439462545672,0.0,0.0,0.0,0.0,1.0,0.0,0.0,0.0,0.0,0.0,SIM
flood,50,5,7,warm,240.0,60.0,node_hello,continuous,20,4.85,0.3570714214271425,0.97,0.07141428428542848,0.2312531375820969,0.2974748999851683,1.2162854155587974,0.9426806536023993,49.207499999999996,2.835545582423249,28.85176320000001,1.2816801174418397,10.49702399999999,0.0,18.35473920000002,1.2816801174418397,0.3646044487332766,0.017545084802122298,0.7583429608780288,0.03216178653326858,0.97,0.07141428428542848,0.0,0.0,395.65,15.57329444915237,0.0,0.0,442.2,16.633099530754933,238.2,16.633099530754933,204.0,0.0,115.55,125.48285739494459,1014.75,146.3601294752092,0.0,0.0,0.09,0.21536016344718908,1.0,0.0,0.0,0.0,0.0,0.0,SIM
flood,50,5,7,cold,240.0,60.0,node_hello,continuous,20,4.8,0.4,0.96,0.07999999999999999,0.22605551728553813,0.23026134497647488,1.2869851034214357,0.9109920100864057,49.655,3.6461932203326803,28.786265600000014,1.1343928266334438,10.49702399999999,0.0,18.289241600000018,1.1343928266334435,0.3652668217453573,0.015568416575624277,0.7413985769360496,0.031022972191276706,0.96,0.07999999999999999,0.0,0.0,398.1,13.553228397691822,0.0,0.0,441.35,14.721667704441641,237.35,14.721667704441641,204.0,0.0,112.75,117.29061130371859,943.2,128.02601298173744,0.0,0.0,0.0,0.0,1.0,0.0,0.0,0.0,0.0,0.0,SIM
flood,50,5,9,warm,240.0,60.0,node_hello,continuous,20,3.45,0.8645808232895291,0.6900000000000001,0.17291616465790582,0.2672639999999973,0.0,0.2962719836387405,0.0872451821021438,52.35166666666667,14.37751321025688,83.27178240000003,4.885085870952135,37.81017600000009,0.0,45.46160639999994,4.885085870952133,0.45562729899239474,0.026832610676376094,0.09700256257935387,0.1179489585468479,0.6900000000000001,0.17291616465790582,0.0,0.0,368.1,17.369225659193905,0.0,0.0,374.1,18.27812900709479,170.1,18.27812900709479,204.0,0.0,10.7,32.11401563180787,187.8,42.84576991956149,0.0,0.0,0.0,0.0,1.0,0.0,0.0,0.0,0.0,0.0,SIM
flood,50,5,9,cold,240.0,60.0,node_hello,continuous,20,3.45,0.8645808232895291,0.6900000000000001,0.17291616465790582,0.26726400000000067,3.17191709057455e-16,0.3118059668271619,0.10627930551123718,52.485,14.222876623399516,83.37868800000003,4.502823388809426,37.81017600000009,0.0,45.568511999999934,4.502823388809424,0.4547978701985869,0.02456856102501759,0.07421018138019728,0.08530397064923254,0.6900000000000001,0.17291616465790582,0.0,0.0,368.7,16.25453782794208,0.0,0.0,374.5,16.847848527334286,170.5,16.847848527334286,204.0,0.0,10.95,32.859511560581666,181.25,32.77022276396668,0.0,0.0,0.0,0.0,1.0,0.0,0.0,0.0,0.0,0.0,SIM
flood,50,20,7,warm,240.0,60.0,node_hello,continuous,20,19.5,1.02469507659596,0.975,0.05123475382979798,0.17828688266659984,0.15062370004893436,1.3383976552101422,0.6255701129568894,49.36692616959064,1.6408034021925424,84.57480959999923,2.6633161024203713,10.49702399999999,0.0,74.07778559999923,2.6633161024203713,0.1242445006239234,0.004106011493782529,0.7515188303612987,0.01727235213189711,0.975,0.05123475382979798,0.0,0.0,999.7,36.374579035364796,0.0,0.0,1165.35,34.56338380425157,961.35,34.56338380425157,204.0,0.0,101.1,117.4937870697851,3914.5,294.23570483542613,0.0,0.0,0.078,0.1870721785835617,1.0,0.0,0.0,0.0,0.0,0.0,SIM
flood,50,20,7,cold,240.0,60.0,node_hello,continuous,20,19.6,0.8602325267042626,0.9800000000000001,0.04301162633521313,0.1499456149625345,0.10376869700165275,1.438365538996032,0.6334841155935415,48.68065531475749,0.8012120858805917,83.98918399999924,2.7883067893506586,10.49702399999999,0.0,73.49215999999925,2.7883067893506586,0.12512611013053826,0.004384531806045131,0.7451689558685836,0.015683150257768324,0.9800000000000001,0.04301162633521313,0.0,0.0,997.55,33.764589439233525,0.0,0.0,1157.75,36.18545978704706,953.75,36.18545978704706,204.0,0.0,98.4,114.74728754964102,3784.3,283.8055848640051,0.0,0.0,0.0,0.0,1.0,0.0,0.0,0.0,0.0,0.0,SIM
flood,50,20,9,warm,240.0,60.0,node_hello,continuous,20,13.7,2.934280150224242,0.6849999999999999,0.14671400751121208,0.26726400000000117,5.7175515662177225e-15,0.7330735790384286,0.5966444679849454,54.14995380200295,11.8909794377541,227.15335680000186,8.837299467971768,37.81017600000009,0.0,189.34318080000176,8.837299467971768,0.1667014180135696,0.006412785547266902,0.14837457692439063,0.06599261141664729,0.6849999999999999,0.14671400751121208,0.0,0.0,887.65,31.89243640739917,0.0,0.0,912.45,33.06580560034792,708.45,33.06580560034792,204.0,0.0,9.5,29.336836911978086,814.35,80.47501164957977,0.0,0.0,0.0,0.0,1.0,0.0,0.0,0.0,0.0,0.0,SIM
flood,50,20,9,cold,240.0,60.0,node_hello,continuous,20,13.7,2.951270912674741,0.685,0.14756354563373705,0.2672639999999976,8.293299112775142e-16,0.6665300961787193,0.4777587997365704,54.559161261210406,12.10327070585212,228.38277120000188,8.789887960148912,37.81017600000009,0.0,190.57259520000179,8.789887960148912,0.16579964280201162,0.006331246454163632,0.15565124157340934,0.0653582925275332,0.685,0.14756354563373705,0.0,0.0,891.85,31.578909100854005,0.0,0.0,917.05,32.88840981257683,713.05,32.88840981257683,204.0,0.0,8.65,26.907759104020535,827.5,85.48362416275997,0.0,0.0,0.0,0.0,1.0,0.0,0.0,0.0,0.0,0.0,SIM
flood,100,5,7,warm,240.0,60.0,node_hello,continuous,20,4.4,0.7348469228349535,0.8800000000000001,0.14696938456699069,0.29723714117555566,0.4199640977141358,1.3582863125332527,0.8997382212209605,97.365,15.584512343990749,52.809702399999956,3.832352159672664,20.530944000000137,1.0980763447294895,32.27875839999982,3.0280066788465954,0.3896255415539719,0.016919330533035588,0.669604797150912,0.08761652992532037,0.8800000000000001,0.14696938456699069,0.0,0.0,786.75,49.67381100741114,0.0,0.0,817.9,55.56248734533039,418.9,39.29618302074643,399.0,21.340103092534488,76.75,121.5713268003603,1439.65,464.80224558407633,0.0,0.0,0.020499999999999997,0.0893574283425838,1.0,0.0,0.0,0.0,0.0,0.0,SIM
flood,100,5,7,cold,240.0,60.0,node_hello,continuous,20,4.6,0.6633249580710799,0.9199999999999999,0.132664991614216,0.26434265459167905,0.30245578342665747,1.4623461986623645,0.8538818638045566,94.9125,15.842213189766133,53.46082559999995,2.706656472900637,20.530944000000137,1.0980763447294895,32.92988159999981,2.5751320879191537,0.3846785160153849,0.0242853427760483,0.6801862367061586,0.07857227614654794,0.9199999999999999,0.132664991614216,0.0,0.0,794.05,31.89902036113335,0.0,0.0,826.35,37.991150285296705,427.35,33.41896916423366,399.0,21.340103092534488,77.1,119.44618034914302,1499.6,453.1581843021265,0.0,0.0,0.0,0.0,1.0,0.0,0.0,0.0,0.0,0.0,SIM
flood,100,5,9,warm,240.0,60.0,node_hello,continuous,20,3.5,0.9746794344808964,0.7,0.19493588689617927,0.2672639999999973,0.0,0.27930228958468434,0.05247368775272906,107.06333333333335,34.07630677367096,165.65053439999969,6.855353818032752,73.9522560000002,3.955260067582724,91.69827839999947,4.605091341839487,0.44640368156022764,0.016645504547580105,0.024793020618246935,0.051959661027882534,0.7,0.19493588689617927,0.0,0.0,736.7,30.648164708510688,0.0,0.0,742.1,30.936871205731197,343.1,17.230496220364635,399.0,21.340103092534488,15.65,54.02154662724865,347.85,28.07004631275125,0.0,0.0,0.028499999999999998,0.12422861989090919,1.0,0.0,0.0,0.0,0.0,0.0,SIM
flood,100,5,9,cold,240.0,60.0,node_hello,continuous,20,3.6,0.9695359714832658,0.72,0.19390719429665318,0.2672640000000005,3.285960078913406e-16,0.279302289584688,0.05247368775272971,105.20166666666667,32.081063512781355,167.32093439999966,4.267786044659739,73.9522560000002,3.955260067582724,93.36867839999945,4.596843682695009,0.44203508647256723,0.02289045877700437,0.030598707822038405,0.05524798098841403,0.72,0.19390719429665318,0.0,0.0,742.8,19.37679023987203,0.0,0.0,748.35,19.404316530091958,349.35,17.199636624068546,399.0,21.340103092534488,16.55,57.46605519782961,356.55,29.523676939026412,0.0,0.0,0.0,0.0,1.0,0.0,0.0,0.0,0.0,0.0,SIM
flood,100,20,7,warm,240.0,60.0,node_hello,continuous,20,18.25,1.2599603168354152,0.9125,0.06299801584177075,0.1336928928099022,0.10240865967157485,2.0056085588955535,0.7344934406271727,94.511223125215,5.017970097090265,153.09423359999855,7.056891808992374,20.530944000000137,1.0980763447294895,132.5632895999984,6.462342453250791,0.13418619750221533,0.006471772022030412,0.7154111184894015,0.03125146537303267,0.9125,0.06299801584177075,0.0,0.0,1987.25,83.49004431667286,0.0,0.0,2119.35,95.9787867187328,1720.35,83.8655322525291,399.0,21.340103092534488,60.85,92.48852631543006,6391.55,865.0028598218621,0.0,0.0,0.019,0.0828190799272728,1.0,0.0,0.0,0.0,0.0,0.0,SIM
flood,100,20,7,cold,240.0,60.0,node_hello,continuous,20,18.65,1.061838029079765,0.9324999999999999,0.053091901453988254,0.15982253418677855,0.11018144206079457,1.9810224350420758,0.6650637753696145,93.01495958032335,4.052597582077646,153.94955519999854,5.357050062716718,20.530944000000137,1.0980763447294895,133.4186111999984,4.955094752611887,0.13340851266885018,0.006892072905602931,0.7234274969813592,0.023886147521192277,0.9324999999999999,0.053091901453988254,0.0,0.0,1994.15,68.51370300896019,0.0,0.0,2130.45,73.01950081998643,1731.45,64.30511254946997,399.0,21.340103092534488,58.9,89.15262194686144,6579.5,613.2306662260132,0.0,0.0,0.0,0.0,1.0,0.0,0.0,0.0,0.0,0.0,SIM
flood,100,20,9,warm,240.0,60.0,node_hello,continuous,20,14.15,2.372235232855292,0.7075,0.11861176164276459,0.26726399999999906,3.076740298213702e-15,0.33430863442048514,0.0928264951984102,98.8887956324721,20.555480308964352,436.25533440000936,21.01938959742261,73.9522560000002,3.955260067582724,362.30307840000916,20.01277400610256,0.16976191545323585,0.010437588095937434,0.049977545387422245,0.03449774905928105,0.7075,0.11861176164276459,0.0,0.0,1733.25,80.57659399602343,0.0,0.0,1754.6,81.11991124255499,1355.6,74.88017093997583,399.0,21.340103092534488,9.95,30.686275433815684,1407.85,93.61371427307006,0.0,0.0,0.028499999999999998,0.12422861989090919,1.0,0.0,0.0,0.0,0.0,0.0,SIM
flood,100,20,9,cold,240.0,60.0,node_hello,continuous,20,13.95,2.3339880033967613,0.6975,0.11669940016983807,0.2672639999999973,0.0,0.3392788374959356,0.0918439635625833,100.7303885003885,19.645563548038666,438.6607104000094,18.41595514392418,73.9522560000002,3.955260067582724,364.70845440000926,18.415129626033508,0.16884948503393232,0.011132823466335824,0.04899357813542086,0.0349670253364399,0.6975,0.11669940016983807,0.0,0.0,1742.15,69.43649976777343,0.0,0.0,1763.6,69.91237372597215,1364.6,68.90239473341983,399.0,21.340103092534488,10.25,31.789738910535267,1415.9,88.39621032600888,0.0,0.0,0.0,0.0,1.0,0.0,0.0,0.0,0.0,0.0,SIM
managed_flood,25,5,7,warm,240.0,60.0,node_hello,continuous,20,4.6,0.4898979485566356,0.9199999999999999,0.0979795897113271,0.4324839383830675,0.3712478713438545,2.109330590433611,1.1045826672473242,13.605,1.183733500412994,10.171276799999987,0.657678715475693,5.351423999999995,0.0,4.8198527999999925,0.6576787154756931,0.5283127795943701,0.033818493836201155,0.7937265366889761,0.019244229768603745,0.9199999999999999,0.0979795897113271,0.0,0.0,107.85,7.531766061157237,0.0,0.0,166.55,8.535074692116057,62.55,8.535074692116057,104.0,0.0,144.85,74.32918336696562,561.85,91.78086674247525,0.0,0.0,0.192,0.31409552687040926,1.0,0.0,0.0,0.0,0.0,0.0,SIM
managed_flood,25,5,7,cold,240.0,60.0,node_hello,continuous,20,4.7,0.458257569495584,0.9400000000000001,0.09165151389911678,0.3857374669463215,0.40736684399242806,1.9306545414994916,0.8776397314289408,13.6125,1.3122380691017923,10.263743999999987,0.5550573195798777,5.351423999999995,0.0,4.912319999999992,0.5550573195798776,0.5228674391975094,0.027367511129938592,0.7911405286382145,0.02251250383806357,0.9400000000000001,0.09165151389911678,0.0,0.0,109.15,7.8439467106807905,0.0,0.0,167.75,7.20329785584353,63.75,7.20329785584353,104.0,0.0,141.8,72.22021877563097,564.4,80.54774981338709,0.0,0.0,0.0,0.0,1.0,0.0,0.0,0.0,0.0,0.0,SIM
managed_flood,25,5,9,warm,240.0,60.0,node_hello,continuous,20,4.25,0.698212002188447,0.85,0.1396424004376894,0.5190668330267139,0.4278468074928137,1.5947223603401726,1.2117396715804105,14.098333333333333,1.3460838260177805,35.24480000000006,2.907993214372285,19.275776000000032,0.0,15.969024000000024,2.9079932143722846,0.5505613897291223,0.044360945242526824,0.7235242951708518,0.03791634621808575,0.85,0.1396424004376894,0.0,0.0,138.55,8.393300900122668,0.0,0.0,163.75,10.88060200540393,59.75,10.88060200540393,104.0,0.0,9.2,22.150846484954023,395.1,86.04469768672558,0.0,0.0,0.03,0.1307669683062202,1.0,0.0,0.0,0.0,0.0,0.0,SIM
managed_flood,25,5,9,cold,240.0,60.0,node_hello,continuous,20,4.25,0.698212002188447,0.85,0.1396424004376894,0.5152447969618354,0.42440743107974466,1.6831846783581021,1.235739529404209,14.285833333333333,1.5586165072482285,35.44524800000006,2.9755258634431763,19.275776000000032,0.0,16.169472000000024,2.9755258634431754,0.5476155713487953,0.04535924286161855,0.7249955677878579,0.03392433243977486,0.85,0.1396424004376894,0.0,0.0,139.2,8.812491134747313,0.0,0.0,164.5,11.133283433021905,60.5,11.133283433021905,104.0,0.0,8.2,19.536120392749428,399.9,80.57350681210295,0.0,0.0,0.0,0.0,1.0,0.0,0.0,0.0,0.0,0.0,SIM
managed_flood,25,20,7,warm,240.0,60.0,node_hello,continuous,20,18.5,1.284523257866513,0.925,0.06422616289332564,0.3042708904276882,0.34182231883831027,2.753328625122948,1.31365160640291,12.980545235638115,0.5638404612681807,23.86027520000001,1.580230511133137,5.351423999999995,0.0,18.508851200000016,1.580230511133137,0.22528321387973857,0.015170293012220476,0.7853016247485629,0.015919170893253346,0.925,0.06422616289332564,0.0,0.0,152.85,10.34540961006378,0.0,0.0,344.2,20.50755958177374,240.2,20.50755958177374,104.0,0.0,136.45,68.61812807123202,2158.5,263.6881681077101,0.0,0.0,0.198,0.32458589001988364,1.0,0.0,0.0,0.0,0.0,0.0,SIM
managed_flood,25,20,7,cold,240.0,60.0,node_hello,continuous,20,18.5,1.2449899597988732,0.925,0.06224949798994365,0.3505608264708674,0.27409794748458477,2.6987758490331943,0.7041449334930487,12.938885233918128,0.6441932739969538,23.787072000000013,1.4548848248726582,5.351423999999995,0.0,18.43564800000002,1.4548848248726585,0.22582903726699266,0.014063063252828491,0.7857646972975113,0.015792167418914517,0.925,0.06224949798994365,0.0,0.0,153.0,12.300406497347964,0.0,0.0,343.25,18.8808765686342,239.25,18.8808765686342,104.0,0.0,133.5,62.996428470191866,2161.1,246.4154824681274,0.0,0.0,0.0,0.0,1.0,0.0,0.0,0.0,0.0,0.0,SIM
managed_flood,25,20,9,warm,240.0,60.0,node_hello,continuous,20,16.95,1.1169153951844337,0.8474999999999999,0.05584576975922169,0.30275726743374987,0.12684911149089892,2.623170886634562,0.9181518030700644,13.224894005847952,0.529708751039044,79.19636479999983,4.762701471982187,19.275776000000032,0.0,59.92058879999979,4.762701471982187,0.2442803342406324,0.01480022926995173,0.7076630449384622,0.029479960277574234,0.8474999999999999,0.05584576975922169,0.0,0.0,237.05,14.661087954173114,0.0,0.0,328.2,17.8202132422707,224.2,17.8202132422707,104.0,0.0,8.6,20.681876123794957,1460.2,220.49639452834597,0.0,0.0,0.026000000000000002,0.11333137253205752,1.0,0.0,0.0,0.0,0.0,0.0,SIM
managed_flood,25,20,9,cold,240.0,60.0,node_hello,continuous,20,16.95,1.3592277219068187,0.8474999999999999,0.06796138609534093,0.2741102337380602,0.029842041008066134,2.570288111851092,0.9282319601289232,13.309264920880633,0.6662203135075935,79.51708159999983,5.086027600038061,19.275776000000032,0.0,60.241305599999784,5.086027600038061,0.2434080737404301,0.015631299451447426,0.7104007991945649,0.028273801081566925,0.8474999999999999,0.06796138609534093,0.0,0.0,237.35,15.077383725301946,0.0,0.0,329.4,19.02997635311195,225.4,19.02997635311195,104.0,0.0,6.35,15.8911138690779,1478.05,219.08251299453363,0.0,0.0,0.0,0.0,1.0,0.0,0.0,0.0,0.0,0.0,SIM
managed_flood,50,5,7,warm,240.0,60.0,node_hello,continuous,20,4.7,0.458257569495584,0.9400000000000001,0.09165151389911678,0.3388656503704201,0.3176287776643699,1.5399708764720192,1.1894509337865657,25.295,1.5630818916486746,19.647423999999987,0.9688470621632771,10.49702399999999,0.0,9.150399999999994,0.9688470621632777,0.5355992240763595,0.026986614067595848,0.8509361971829612,0.01477750370204316,0.9400000000000001,0.09165151389911678,0.0,0.0,253.7,11.662332528272378,0.0,0.0,322.75,12.573285171346429,118.75,12.573285171346429,204.0,0.0,119.65,121.41963391478332,1587.45,202.85918145353935,0.0,0.0,0.09,0.21536016344718908,1.0,0.0,0.0,0.0,0.0,0.0,SIM
managed_flood,50,5,7,cold,240.0,60.0,node_hello,continuous,20,4.7,0.458257569495584,0.9400000000000001,0.09165151389911678,0.42076721852932214,0.3769294248440002,1.468364746806246,1.1311732846632938,25.43,1.648286989574328,19.693657599999987,0.9735546084590501,10.49702399999999,0.0,9.196633599999995,0.9735546084590504,0.5343384390827417,0.026785993715965458,0.8532003301318651,0.013325335595325229,0.9400000000000001,0.09165151389911678,0.0,0.0,253.35,14.667225368146491,0.0,0.0,323.35,12.63437770529281,119.35,12.63437770529281,204.0,0.0,118.2,123.00715426348177,1607.3,164.177982689519,0.0,0.0,0.0,0.0,1.0,0.0,0.0,0.0,0.0,0.0,SIM
managed_flood,50,5,9,warm,240.0,60.0,node_hello,continuous,20,4.0,0.6324555320336759,0.8,0.12649110640673517,0.4493993003786674,0.32414935553039004,1.3243442820042555,1.0419073695892709,25.600833333333334,1.4722193658253215,65.03101440000015,3.7524427154772537,37.81017600000009,0.0,27.22083840000006,3.752442715477254,0.5835832587377185,0.03776824805029831,0.6875062526064324,0.03883812355061245,0.8,0.12649110640673517,0.0,0.0,286.25,11.827404618089295,0.0,0.0,305.85,14.04021011238792,101.85,14.04021011238792,204.0,0.0,12.9,38.952406857599954,635.0,107.95369377654477,0.0,0.0,0.0,0.0,1.0,0.0,0.0,0.0,0.0,0.0,SIM
managed_flood,50,5,9,cold,240.0,60.0,node_hello,continuous,20,4.1,0.43588989435406733,0.8200000000000001,0.08717797887081347,0.3919622226980207,0.23815135469043489,1.1114170445357112,0.9511819881500684,25.568333333333335,1.3932167016576344,65.73926400000015,2.493588875062772,37.81017600000009,0.0,27.929088000000057,2.493588875062771,0.5759750078714297,0.02169943778060801,0.6834827900307864,0.041107198387412315,0.8200000000000001,0.08717797887081347,0.0,0.0,288.65,8.326313710160097,0.0,0.0,308.5,9.330058949438637,104.5,9.330058949438637,204.0,0.0,10.65,31.953520932754813,647.65,90.58878241813387,0.0,0.0,0.0,0.0,1.0,0.0,0.0,0.0,0.0,0.0,SIM
managed_flood,50,20,7,warm,240.0,60.0,node_hello,continuous,20,18.9,0.99498743710662,0.945,0.049749371855330994,0.24368955156535854,0.25233608936138735,1.6224498837323733,0.8421668763296786,25.244607843137253,0.712552014159805,47.275852799999754,2.422072456934184,10.49702399999999,0.0,36.77882879999976,2.422072456934184,0.22261854424810026,0.011351025935629382,0.8503929350780008,0.01156129755626775,0.945,0.049749371855330994,0.0,0.0,420.3,24.484893301789167,0.0,0.0,681.3,31.43262636179166,477.3,31.43262636179166,204.0,0.0,101.2,107.50748811129391,6347.85,633.6155991608792,0.0,0.0,0.078,0.1870721785835617,1.0,0.0,0.0,0.0,0.0,0.0,SIM
managed_flood,50,20,7,cold,240.0,60.0,node_hello,continuous,20,18.65,0.9630680142129111,0.9324999999999999,0.04815340071064555,0.23517605930901375,0.25220501153547986,1.7198776372448503,0.7276036673169246,25.220426556587547,0.7499729925031837,46.75957759999976,2.459330092894174,10.49702399999999,0.0,36.26255359999977,2.459330092894174,0.22510011781618924,0.011628176862210194,0.850210502845624,0.011788263494642983,0.9324999999999999,0.04815340071064555,0.0,0.0,417.75,23.5878676441937,0.0,0.0,674.6,31.916140117501676,470.6,31.916140117501676,204.0,0.0,104.25,112.85427550607022,6256.5,629.2079544951732,0.0,0.0,0.0,0.0,1.0,0.0,0.0,0.0,0.0,0.0,SIM
managed_flood,50,20,9,warm,240.0,60.0,node_hello,continuous,20,16.05,1.4309088021254184,0.8025,0.07154544010627092,0.36717152166076944,0.250344773038628,2.440915579353196,1.280627877775503,25.27611252395695,1.4247309794277954,146.1189119999994,10.097442961012312,37.81017600000009,0.0,108.3087359999993,10.097442961012314,0.26001789065786796,0.018202551435301896,0.6678428207993934,0.039511610682421316,0.8025,0.07154544010627092,0.0,0.0,536.05,32.66569301270065,0.0,0.0,609.25,37.780782151776584,405.25,37.780782151776584,204.0,0.0,8.2,24.729739181802948,2422.35,361.4362011475884,0.0,0.0,0.0,0.0,1.0,0.0,0.0,0.0,0.0,0.0,SIM
managed_flood,50,20,9,cold,240.0,60.0,node_hello,continuous,20,15.9,1.3,0.795,0.06499999999999999,0.3598550751149817,0.24280720793419952,2.4648894427585213,1.3786551008748362,25.379106306490208,1.4215807546192385,145.5977471999994,9.841740509901232,37.81017600000009,0.0,107.78757119999929,9.841740509901234,0.2609349111472684,0.01851667701514538,0.6697911763575162,0.03828339863957615,0.795,0.06499999999999999,0.0,0.0,533.75,31.695228347497356,0.0,0.0,607.3,36.82404106015525,403.3,36.82404106015525,204.0,0.0,10.55,31.65039494224361,2425.4,362.39997240618,0.0,0.0,0.0,0.0,1.0,0.0,0.0,0.0,0.0,0.0,SIM
managed_flood,100,5,7,warm,240.0,60.0,node_hello,continuous,20,4.75,0.4330127018922193,0.95,0.08660254037844385,0.22901940452178202,0.22590911387946855,0.7789892490259835,0.6834988434164259,50.1725,2.6708835148691907,38.86641920000015,2.14257771107967,20.530944000000137,1.0980763447294895,18.335475200000015,1.6446492628329323,0.528808469513161,0.025642612236142212,0.853242001230136,0.01645106748886779,0.95,0.08660254037844385,0.0,0.0,569.85,29.63659055964434,0.0,0.0,636.95,32.90056990387856,237.95,21.34355874731297,399.0,21.340103092534488,77.65,121.26181385745473,3273.55,501.53459252577983,0.0,0.0,0.020499999999999997,0.0893574283425838,1.0,0.0,0.0,0.0,0.0,0.0,SIM
managed_flood,100,5,7,cold,240.0,60.0,node_hello,continuous,20,4.85,0.3570714214271425,0.97,0.07141428428542848,0.19404196615878552,0.1789524673393414,0.694492281335758,0.45358892757883884,50.2375,2.494237107814732,39.26711040000015,1.8635668840837172,20.530944000000137,1.0980763447294895,18.736166400000013,1.206430974312166,0.5229366132090123,0.018684432850692004,0.8618555263118711,0.01159973438747831,0.97,0.07141428428542848,0.0,0.0,569.75,28.460279338052885,0.0,0.0,642.15,30.086998853325333,243.15,15.656548150853688,399.0,21.340103092534488,73.9,116.07880943565884,3530.85,390.88812657843675,0.0,0.0,0.0,0.0,1.0,0.0,0.0,0.0,0.0,0.0,SIM
managed_flood,100,5,9,warm,240.0,60.0,node_hello,continuous,20,3.5,0.6708203932499369,0.7,0.1341640786499874,0.3904898442039396,0.2373760922402585,1.738035960112363,1.5733957248293426,52.43333333333334,9.16869674490328,121.72569600000011,8.323819845929723,73.9522560000002,3.955260067582724,47.773439999999916,6.656899238701627,0.6089615862162437,0.03454053878170188,0.5916568353142437,0.09121604991616368,0.7,0.1341640786499874,0.0,0.0,564.0,35.027132340515685,0.0,0.0,577.75,35.55400821285836,178.75,24.907579167795493,399.0,21.340103092534488,15.7,54.546402264494034,885.8,197.74316675930928,0.0,0.0,0.028499999999999998,0.12422861989090919,1.0,0.0,0.0,0.0,0.0,0.0,SIM
managed_flood,100,5,9,cold,240.0,60.0,node_hello,continuous,20,3.55,0.7399324293474371,0.7100000000000001,0.14798648586948743,0.38766112980507694,0.23522284769888446,1.9014252185580154,1.649272931499187,52.0225,9.425676036762562,121.84596480000012,6.579999504965957,73.9522560000002,3.955260067582724,47.893708799999914,6.755279342362211,0.6082677194763765,0.04156526462207522,0.5568818863079221,0.11487376769597973,0.7100000000000001,0.14798648586948743,0.0,0.0,565.3,26.347865188663768,0.0,0.0,578.2,27.041819465413194,179.2,25.27568001063473,399.0,21.340103092534488,16.45,56.57780041677124,830.05,190.9776099442026,0.0,0.0,0.0,0.0,1.0,0.0,0.0,0.0,0.0,0.0,SIM
managed_flood,100,20,7,warm,240.0,60.0,node_hello,continuous,20,18.8,1.0770329614269007,0.9400000000000001,0.05385164807134503,0.16597454027851696,0.11655058060022835,1.2841749944109448,0.5180482278711088,50.383695175438596,1.1948980434108805,93.50682879999938,4.681226277560584,20.530944000000137,1.0980763447294895,72.97588479999925,4.3525710996386975,0.21987010713146038,0.013028761651002993,0.8596601118783127,0.006992000713375559,0.9400000000000001,0.05385164807134503,0.0,0.0,1074.75,45.047613699284895,0.0,0.0,1346.05,63.95895167996424,947.05,56.48581680386679,399.0,21.340103092534488,60.1,93.26784011651604,13446.45,1358.2199554932183,0.0,0.0,0.019,0.0828190799272728,1.0,0.0,0.0,0.0,0.0,0.0,SIM
managed_flood,100,20,7,cold,240.0,60.0,node_hello,continuous,20,18.95,1.0712142642814275,0.9475,0.05356071321407136,0.15997615985048327,0.12044493499046469,1.2759432805500557,0.5449909310800631,50.513198099415206,1.360129318750159,94.30050559999937,4.916227582102364,20.530944000000137,1.0980763447294895,73.76956159999924,4.805618614445385,0.21818925252130553,0.015034768877823158,0.8606875499986184,0.007226790922467721,0.9475,0.05356071321407136,0.0,0.0,1081.0,51.76968224743127,0.0,0.0,1356.35,65.66526859763843,957.35,62.36527479294868,399.0,21.340103092534488,69.35,115.95743831251188,13650.85,1287.719118247454,0.0,0.0,0.0,0.0,1.0,0.0,0.0,0.0,0.0,0.0,SIM
managed_flood,100,20,9,warm,240.0,60.0,node_hello,continuous,20,13.45,1.745709025009609,0.6725,0.08728545125048046,0.2672640000000069,6.060475538032499e-15,2.3880087833455397,1.651015943543014,50.68713404650905,4.027563291915806,255.1305216000016,20.856113593661163,73.9522560000002,3.955260067582724,181.1782656000014,18.65799443679836,0.29096130420941946,0.018314712878033018,0.5666381822559887,0.0626407713690535,0.6725,0.08728545125048046,0.0,0.0,1030.45,82.45269856105378,0.0,0.0,1076.9,82.25928519018385,677.9,69.81110226890848,399.0,21.340103092534488,9.6,29.241067011995305,3076.75,387.2918634570058,0.0,0.0,0.028499999999999998,0.12422861989090919,1.0,0.0,0.0,0.0,0.0,0.0,SIM
managed_flood,100,20,9,cold,240.0,60.0,node_hello,continuous,20,13.45,1.856744462762714,0.6725,0.09283722313813571,0.2672639999999983,1.4664297933092509e-15,2.398073735009091,1.7301737274392543,51.07728556166056,4.72801246830925,255.82540800000166,17.721956518156667,73.9522560000002,3.955260067582724,181.87315200000143,16.229660039763846,0.28990010010293166,0.018900052818258056,0.5690578498423202,0.05885637249724349,0.6725,0.09283722313813571,0.0,0.0,1032.55,69.9817654821597,0.0,0.0,1079.5,69.64158240591608,680.5,60.72520069954483,399.0,21.340103092534488,12.4,39.82888399139499,3109.15,375.7440984233818,0.0,0.0,0.0,0.0,1.0,0.0,0.0,0.0,0.0,0.0,SIM
gradient,25,5,7,warm,240.0,60.0,node_hello,continuous,20,3.45,1.16081867662439,0.6900000000000001,0.232163735324878,0.131902520474042,0.14072442778657057,0.4545215357385365,0.7662745127360069,2.755,1.7479440303777845,6.114278399999995,0.6990045329047871,5.351423999999995,0.0,0.7628543999999999,0.6990045329047871,0.8851050616233032,0.08652762259660296,0.1569551157426223,0.27437400107822707,0.6900000000000001,0.232163735324878,0.0,0.0,93.1,5.439669107583659,0.0,0.0,113.9,9.071383576941281,9.9,9.071383576941281,104.0,0.0,146.8,75.02439603222408,114.5,109.73718604010219,0.0,0.0,0.192,0.31409552687040926,1.0,0.0,0.0,0.0,0.0,0.0,SIM
gradient,25,5,7,cold,240.0,60.0,node_hello,continuous,20,2.5,1.2041594578792296,0.5,0.24083189157584592,0.07705599999999965,5.909151619032361e-16,0.17821958262789622,0.4409618334415255,3.0083333333333333,1.6263669464313533,5.817612799999995,0.24546297350631113,5.351423999999995,0.0,0.4661888,0.24546297350631113,0.9213346859751882,0.03481516673808652,0.056173913043478255,0.16862064670518287,0.5,0.24083189157584592,0.0,0.0,92.5,5.286775955154521,0.0,0.0,110.05,3.1855140872392953,6.05,3.1855140872392953,104.0,0.0,148.55,76.77074638167848,72.0,40.76640773970647,0.0,0.0,0.0,0.0,1.0,0.0,0.0,0.0,0.0,0.0,SIM
gradient,25,5,9,warm,240.0,60.0,node_hello,continuous,20,3.3,0.9539392014169457,0.66,0.19078784028338913,0.2672639999999973,0.0,0.2672639999999973,0.0,1.8125,0.9785459025172674,20.692275200000033,0.3494930301739359,19.275776000000032,0.0,1.4164992,0.34949303017393635,0.9317930251010278,0.01471189519405388,0.019,0.0828190799272728,0.66,0.19078784028338913,0.0,0.0,103.5,1.2449899597988732,0.0,0.0,109.3,1.307669683062202,5.3,1.307669683062202,104.0,0.0,9.0,21.440615662802223,82.15,17.525053494925487,0.0,0.0,0.03,0.1307669683062202,1.0,0.0,0.0,0.0,0.0,0.0,SIM
gradient,25,5,9,cold,240.0,60.0,node_hello,continuous,20,3.3,1.1,0.66,0.22,0.26726400000000056,3.073107559994809e-16,0.2672640000000008,1.798766884999431e-16,1.775,0.8952420529294485,20.612096000000033,0.0,19.275776000000032,0.0,1.33632,0.0,0.9351681653335984,0.0,0.0,0.0,0.66,0.22,0.0,0.0,103.4,1.42828568570857,0.0,0.0,109.0,0.0,5.0,0.0,104.0,0.0,9.0,21.4895323355349,78.7,8.143095234614416,0.0,0.0,0.0,0.0,1.0,0.0,0.0,0.0,0.0,0.0,SIM
gradient,25,20,7,warm,240.0,60.0,node_hello,continuous,20,10.55,3.0573681492420897,0.5275000000000001,0.15286840746210448,0.0770559999999989,0.0,0.4854591352633716,0.7512708064985688,3.4491247641247638,2.0102158079239136,8.129292799999991,1.9524954951550952,5.351423999999995,0.0,2.777868799999997,1.9524954951550955,0.6901779552970647,0.1334064238858743,0.16492090342346838,0.2520418184505233,0.5275000000000001,0.15286840746210448,0.0,0.0,97.7,8.672369918309528,0.0,0.0,140.05,25.33865623903525,36.05,25.33865623903525,104.0,0.0,144.35,75.15003326679238,379.5,230.37588849530238,0.0,0.0,0.198,0.32458589001988364,1.0,0.0,0.0,0.0,0.0,0.0,SIM
gradient,25,20,7,cold,240.0,60.0,node_hello,continuous,20,11.1,2.8618176042508368,0.5549999999999999,0.14309088021254185,0.07705599999999893,9.678699938266252e-17,0.4332320751610996,0.8472979483607258,2.9696688523894403,1.3933310976090016,8.032972799999992,1.7827434758863498,5.351423999999995,0.0,2.681548799999997,1.7827434758863498,0.6942223951246198,0.12672789380730515,0.1732568193316506,0.2654862765716929,0.5549999999999999,0.14309088021254185,0.0,0.0,95.7,6.317436188834835,0.0,0.0,138.8,23.13568671987067,34.8,23.13568671987067,104.0,0.0,148.75,76.46428905051037,389.25,247.93061025214294,0.0,0.0,0.0,0.0,1.0,0.0,0.0,0.0,0.0,0.0,SIM
gradient,25,20,9,warm,240.0,60.0,node_hello,continuous,20,13.5,2.5199206336708304,0.675,0.12599603168354154,0.2672639999999998,5.160614707596505e-15,0.4320362426078108,0.7182255542279641,1.8959017289899642,1.5303722258964156,25.917286400000034,5.65013732114532,19.275776000000032,0.0,6.641510400000003,5.650137321145321,0.762820804295803,0.0875145556130375,0.02093195266272189,0.09124026634778185,0.675,0.12599603168354154,0.0,0.0,107.9,16.167560112769024,0.0,0.0,128.85,21.14065987617227,24.85,21.14065987617227,104.0,0.0,8.5,20.394852291693606,324.05,84.11270712561806,0.0,0.0,0.026000000000000002,0.11333137253205752,1.0,0.0,0.0,0.0,0.0,0.0,SIM
gradient,25,20,9,cold,240.0,60.0,node_hello,continuous,20,13.75,2.5074887836239665,0.6875,0.12537443918119834,0.2745795521004085,0.031887752321898895,0.379407913794933,0.4888239873652463,1.7447112527994881,0.9907690565426598,25.583206400000034,4.193916362087248,19.275776000000032,0.0,6.307430400000003,4.193916362087248,0.7657252922199677,0.07485418626886974,0.02740274599542334,0.11944580056956422,0.6875,0.12537443918119834,0.0,0.0,106.05,8.188253782095423,0.0,0.0,127.6,15.692036196746425,23.6,15.692036196746425,104.0,0.0,8.35,20.239256409265632,334.1,126.110229561285,0.0,0.0,0.0,0.0,1.0,0.0,0.0,0.0,0.0,0.0,SIM
gradient,50,5,7,warm,240.0,60.0,node_hello,continuous,20,2.75,1.0428326807307104,0.55,0.2085665361461421,0.09028570461176458,0.05766694545558055,0.16382836082984792,0.3473801467256761,2.835,1.9269427426193373,11.10961919999999,0.6829244229524664,10.49702399999999,0.0,0.6125951999999998,0.6829244229524664,0.9479344907553022,0.050032872982840156,0.07244792534577571,0.21734937301240392,0.55,0.2085665361461421,0.0,0.0,199.9,4.657252408878007,0.0,0.0,211.95,8.862702748033469,7.95,8.862702748033469,204.0,0.0,125.1,127.99371078299122,177.65,172.3917848970768,0.0,0.0,0.09,0.21536016344718908,1.0,0.0,0.0,0.0,0.0,0.0,SIM
gradient,50,5,7,cold,240.0,60.0,node_hello,continuous,20,2.6,1.1135528725660044,0.52,0.22271057451320087,0.07705599999999968,4.594553898631951e-16,0.08165724211391932,0.020056349389336734,2.683333333333333,1.5299328235071121,10.95550719999999,0.3190853511437967,10.49702399999999,0.0,0.45848320000000004,0.31908535114379666,0.9588765208048005,0.024929466550024808,0.033990147783251226,0.14815961926320514,0.52,0.22271057451320087,0.0,0.0,199.4,4.726520919238589,0.0,0.0,209.95,4.14095399636364,5.95,4.14095399636364,204.0,0.0,126.45,130.87607688191147,136.75,63.3986395753095,0.0,0.0,0.0,0.0,1.0,0.0,0.0,0.0,0.0,0.0,SIM
gradient,50,5,9,warm,240.0,60.0,node_hello,continuous,20,3.15,1.0136567466356647,0.63,0.20273134932713294,0.2672639999999973,0.0,0.2672639999999973,0.0,1.7541666666666669,0.5416506407885683,39.14649600000009,0.0,37.81017600000009,0.0,1.33632,0.0,0.9658636113944912,0.0,0.0,0.0,0.63,0.20273134932713294,0.0,0.0,203.85,1.3518505834595775,0.0,0.0,209.0,0.0,5.0,0.0,204.0,0.0,12.35,37.415605033194375,154.55,14.715552996744634,0.0,0.0,0.0,0.0,1.0,0.0,0.0,0.0,0.0,0.0,SIM
gradient,50,5,9,cold,240.0,60.0,node_hello,continuous,20,3.3,0.9539392014169457,0.6599999999999999,0.19078784028338913,0.2672640000000006,3.124814365373291e-16,0.26726400000000083,2.5438405243138007e-17,1.65,0.4898979485566356,39.14649600000009,0.0,37.81017600000009,0.0,1.33632,0.0,0.9658636113944912,0.0,0.0,0.0,0.6599999999999999,0.19078784028338913,0.0,0.0,203.8,1.3266499161421599,0.0,0.0,209.0,0.0,5.0,0.0,204.0,0.0,12.35,37.19848787249288,157.25,13.699908758820257,0.0,0.0,0.0,0.0,1.0,0.0,0.0,0.0,0.0,0.0,SIM
gradient,50,20,7,warm,240.0,60.0,node_hello,continuous,20,10.95,3.1697791721190924,0.5475,0.15848895860595463,0.0770559999999989,0.0,0.24071784291890194,0.4196875194540614,3.2007010350760354,2.7655204150889143,13.324979199999992,3.2643108054437766,10.49702399999999,0.0,2.8279552000000017,3.264310805443776,0.8192827264778286,0.129362551177578,0.10381121348018277,0.24741404783196125,0.5475,0.15848895860595463,0.0,0.0,205.05,13.854511900460441,0.0,0.0,240.7,42.36283748759047,36.7,42.36283748759047,204.0,0.0,120.85,125.55806425713962,769.45,685.3120803692286,0.0,0.0,0.078,0.1870721785835617,1.0,0.0,0.0,0.0,0.0,0.0,SIM
gradient,50,20,7,cold,240.0,60.0,node_hello,continuous,20,11.0,3.3763886032268267,0.55,0.16881943016134132,0.0770559999999989,0.0,0.24303769607836342,0.519175607252829,2.54217587967588,1.606220904151409,12.60835839999999,1.8799769084838882,10.49702399999999,0.0,2.1113343999999996,1.879976908483888,0.8451184311175798,0.08483710368192997,0.05893115775471115,0.17718128345661857,0.55,0.16881943016134132,0.0,0.0,202.1,8.306021911842034,0.0,0.0,231.4,24.39754085968502,27.4,24.39754085968502,204.0,0.0,123.65,126.44733093268518,603.95,358.0023009702591,0.0,0.0,0.0,0.0,1.0,0.0,0.0,0.0,0.0,0.0,SIM
gradient,50,20,9,warm,240.0,60.0,node_hello,continuous,20,13.05,2.692118125194361,0.6525000000000001,0.13460590625971805,0.2672640000000005,5.25753612626145e-15,0.2672640000000115,0.0,1.6027448858331212,0.3470494793752625,43.15545600000009,0.0,37.81017600000009,0.0,5.34528,0.0,0.8761389521640093,0.0,0.0,0.0,0.6525000000000001,0.13460590625971805,0.0,0.0,204.2,1.4,0.0,0.0,224.0,0.0,20.0,0.0,204.0,0.0,12.65,38.2652257278067,644.7,32.20419227367766,0.0,0.0,0.0,0.0,1.0,0.0,0.0,0.0,0.0,0.0,SIM
gradient,50,20,9,cold,240.0,60.0,node_hello,continuous,20,13.1,2.6627053911388696,0.655,0.13313526955694346,0.2672639999999973,0.0,0.26726400000000056,5.796265377108669e-16,1.5951691282573637,0.34390346776973596,43.15545600000009,0.0,37.81017600000009,0.0,5.34528,0.0,0.8761389521640093,0.0,0.0,0.0,0.655,0.13313526955694346,0.0,0.0,204.15,1.3518505834595775,0.0,0.0,224.0,0.0,20.0,0.0,204.0,0.0,12.7,38.67441014417673,646.7,30.586107957698704,0.0,0.0,0.0,0.0,1.0,0.0,0.0,0.0,0.0,0.0,SIM
gradient,100,5,7,warm,240.0,60.0,node_hello,continuous,20,3.05,0.9733961166965892,0.61,0.19467922333931786,0.0770559999999989,0.0,0.10609604034759598,0.12658260119151946,3.1858333333333335,5.294995737591401,21.393971200000138,2.405869201169391,20.530944000000137,1.0980763447294895,0.8630272,2.082451765359515,0.9662503241306784,0.06648159224807132,0.04158799730276467,0.18127787750699328,0.61,0.19467922333931786,0.0,0.0,401.15,26.38801811428816,0.0,0.0,410.2,35.323646470884064,11.2,27.025173449952177,399.0,21.340103092534488,74.9,118.3663381202612,383.65,592.8699077369334,0.0,0.0,0.020499999999999997,0.0893574283425838,1.0,0.0,0.0,0.0,0.0,0.0,SIM
gradient,100,5,7,cold,240.0,60.0,node_hello,continuous,20,3.1,0.9433981132056604,0.62,0.18867962264113208,0.0770559999999996,4.519745366596703e-16,0.07705600000000022,5.233688038639565e-16,1.9166666666666667,1.0897247358851683,20.91622400000014,1.09807634472949,20.530944000000137,1.0980763447294895,0.38528,0.0,0.9815148098535603,0.001238887777059359,0.0,0.0,0.62,0.18867962264113208,0.0,0.0,397.55,21.3505854720661,0.0,0.0,404.0,21.340103092534488,5.0,0.0,399.0,21.340103092534488,75.75,118.04993646758138,254.2,23.17886968771342,0.0,0.0,0.0,0.0,1.0,0.0,0.0,0.0,0.0,0.0,SIM
gradient,100,5,9,warm,240.0,60.0,node_hello,continuous,20,3.85,0.9096702699330126,0.77,0.18193405398660253,0.2672639999999973,0.0,0.2672639999999973,0.0,1.7733333333333334,1.65250147083478,75.8097408000002,4.665905283602343,73.9522560000002,3.955260067582724,1.8574848000000006,2.271704696130589,0.9762780071913075,0.02572450572057749,0.0,0.0,0.77,0.18193405398660253,0.0,0.0,400.8,23.049078072669197,0.0,0.0,405.95,23.391184236801692,6.95,8.499852939904313,399.0,21.340103092534488,15.5,52.7858882657098,329.85,21.399240640733026,0.0,0.0,0.028499999999999998,0.12422861989090919,1.0,0.0,0.0,0.0,0.0,0.0,SIM
gradient,100,5,9,cold,240.0,60.0,node_hello,continuous,20,3.8,0.9797958971132712,0.76,0.19595917942265426,0.2672640000000006,2.8527547341127496e-16,0.26726400000000083,2.2204460492503132e-17,1.425,0.44323620489907334,75.2885760000002,3.955260067582724,73.9522560000002,3.955260067582724,1.33632,0.0,0.9821879250611824,0.001194816990835304,0.0,0.0,0.76,0.19595917942265426,0.0,0.0,398.75,21.528759834231046,0.0,0.0,404.0,21.340103092534488,5.0,0.0,399.0,21.340103092534488,15.6,52.75547364966028,336.5,21.67140973725521,0.0,0.0,0.0,0.0,1.0,0.0,0.0,0.0,0.0,0.0,SIM
gradient,100,20,7,warm,240.0,60.0,node_hello,continuous,20,10.35,2.725344014982329,0.5175,0.13626720074911644,0.0770559999999989,0.0,0.12265215174383011,0.19874901766570607,2.7703102453102453,2.8665109372144606,22.919680000000135,3.9105659096195424,20.530944000000137,1.0980763447294895,2.3887360000000006,3.6946724869281753,0.909871015827504,0.08743947049983046,0.03681660899653979,0.16047987805976735,0.5175,0.13626720074911644,0.0,0.0,404.05,34.58681107011746,0.0,0.0,430.0,53.52008968602351,31.0,47.94788837894741,399.0,21.340103092534488,73.15,117.1261179242273,1217.15,1048.5074284429272,0.0,0.0,0.019,0.0828190799272728,1.0,0.0,0.0,0.0,0.0,0.0,SIM
gradient,100,20,7,cold,240.0,60.0,node_hello,continuous,20,10.65,2.5937424698685874,0.5325,0.12968712349342937,0.0770559999999989,0.0,0.1733641099627732,0.4197973187711315,2.532128427128427,2.1648455135445572,22.665395200000138,2.8635419511684974,20.530944000000137,1.0980763447294895,2.1344512000000018,2.5862707408497267,0.9138062720117756,0.07031285274557322,0.033436647656831145,0.145746968146903,0.5325,0.12968712349342937,0.0,0.0,402.35,29.504703014943228,0.0,0.0,426.7,40.72971887946196,27.7,33.56352186526318,399.0,21.340103092534488,74.85,116.34615378258106,1132.9,667.4225722883517,0.0,0.0,0.0,0.0,1.0,0.0,0.0,0.0,0.0,0.0,SIM
gradient,100,20,9,warm,240.0,60.0,node_hello,continuous,20,13.85,2.3081377775167584,0.6925,0.11540688887583792,0.2672639999999987,2.842170943040401e-15,0.3093454595217919,0.18342882945213818,2.2740496839761546,3.3630381101109883,82.63833600000018,15.293593518666972,73.9522560000002,3.955260067582724,8.686079999999983,14.56220959058061,0.9111737949268097,0.09230710811259647,0.0028206850235057085,0.012295080969020034,0.6925,0.11540688887583792,0.0,0.0,411.55,58.2292666963959,0.0,0.0,431.5,59.57474297049044,32.5,54.48623679425842,399.0,21.340103092534488,15.3,53.03216005406531,1309.55,80.48383378045557,0.0,0.0,0.028499999999999998,0.12422861989090919,1.0,0.0,0.0,0.0,0.0,0.0,SIM
gradient,100,20,9,cold,240.0,60.0,node_hello,continuous,20,13.8,2.2715633383201093,0.6900000000000001,0.11357816691600547,0.2672639999999973,0.0,0.4333582880887786,0.7239882168783137,2.263633017309488,3.3178156213216807,82.3710720000002,14.171328240100745,73.9522560000002,3.955260067582724,8.418815999999985,13.397232823334166,0.9121343221065261,0.08812489850839934,0.0067733990147783255,0.02952456180969668,0.6900000000000001,0.11357816691600547,0.0,0.0,410.35,53.893668459291206,0.0,0.0,430.5,55.526119979699644,31.5,50.127337850717744,399.0,21.340103092534488,13.1,42.849620768450215,1321.9,92.87836131198698,0.0,0.0,0.0,0.0,1.0,0.0,0.0,0.0,0.0,0.0,SIM
trickle,25,5,7,warm,240.0,60.0,node_hello,continuous,20,4.7,0.458257569495584,0.9400000000000001,0.09165151389911678,0.34356970449759705,0.40829125509433684,2.695790783079294,3.6485300275417547,14.477500000000001,1.6637664349300958,10.568115199999987,0.5949302089967847,5.351423999999995,0.0,5.216691199999991,0.5949302089967848,0.5080218758505997,0.029322297840867314,0.7244545382337283,0.05166572604685215,0.9400000000000001,0.09165151389911678,0.0,0.0,124.75,7.422095391464596,0.0,0.0,171.7,7.7207512587830465,67.7,7.7207512587830465,104.0,0.0,144.25,75.94134249537599,418.8,102.1741650320667,0.0,0.0,0.192,0.31409552687040926,1.0,0.0,0.0,0.0,0.0,0.0,SIM
trickle,25,5,7,cold,240.0,60.0,node_hello,continuous,20,4.45,0.6689544080129826,0.89,0.1337908816025965,0.3363341451921212,0.5056891477809803,1.4695500575030875,1.4007028543656044,15.605,2.239941095455662,10.610495999999987,0.5133774678530395,5.351423999999995,0.0,5.259071999999991,0.5133774678530395,0.5055476965140426,0.024748311617005293,0.7272282554097049,0.04783890256837439,0.89,0.1337908816025965,0.0,0.0,125.7,5.450688029964658,0.0,0.0,172.25,6.662394464454953,68.25,6.662394464454953,104.0,0.0,146.5,76.68604827476769,417.65,89.56967957964346,0.0,0.0,0.0,0.0,1.0,0.0,0.0,0.0,0.0,0.0,SIM
trickle,25,5,9,warm,240.0,60.0,node_hello,continuous,20,4.0,0.8366600265340756,0.8,0.1673320053068151,0.29241752586625297,0.060480620275534074,0.6818803599202253,0.5838468834822024,15.724166666666667,4.400389739683419,35.19134720000006,1.682861472828996,19.275776000000032,0.0,15.915571200000025,1.6828614728289961,0.5489607006284934,0.025525034104027667,0.4566594047483812,0.17652809706162437,0.8,0.1673320053068151,0.0,0.0,150.4,5.5533773507659285,0.0,0.0,163.55,6.296626080687974,59.55,6.296626080687974,104.0,0.0,8.4,20.36025540114858,201.3,74.01763303429799,0.0,0.0,0.03,0.1307669683062202,1.0,0.0,0.0,0.0,0.0,0.0,SIM
trickle,25,5,9,cold,240.0,60.0,node_hello,continuous,20,4.0,0.8366600265340756,0.8,0.1673320053068151,0.32478650089467187,0.1500819855587279,0.8076273741343899,0.7201470781471558,15.899166666666668,4.377995720392812,35.37843200000005,1.7152332223648246,19.275776000000032,0.0,16.102656000000025,1.7152332223648241,0.5461068817730925,0.02605705791188241,0.47008509731415266,0.17001126624080293,0.8,0.1673320053068151,0.0,0.0,150.8,5.688585061331157,0.0,0.0,164.25,6.417748826496718,60.25,6.417748826496718,104.0,0.0,8.45,20.53162195249075,206.3,71.91529739909305,0.0,0.0,0.0,0.0,1.0,0.0,0.0,0.0,0.0,0.0,SIM
trickle,25,20,7,warm,240.0,60.0,node_hello,continuous,20,17.15,1.3883443376914821,0.8574999999999999,0.0694172168845741,0.6259446902912288,1.305530498077769,8.1185267873571,3.24727900958632,14.010634244926042,0.8609536645121767,23.798630400000015,1.0039187367833171,5.351423999999995,0.0,18.44720640000002,1.0039187367833171,0.22526629520612715,0.00958168889140839,0.7851221565256821,0.014344307078930486,0.8574999999999999,0.0694172168845741,0.0,0.0,166.35,10.5227135283633,0.0,0.0,343.4,13.028430450365079,239.4,13.028430450365079,104.0,0.0,133.15,71.06354550682086,1989.25,167.9186931225943,0.0,0.0,0.198,0.32458589001988364,1.0,0.0,0.0,0.0,0.0,0.0,SIM
trickle,25,20,7,cold,240.0,60.0,node_hello,continuous,20,17.2,1.2083045973594573,0.86,0.06041522986797285,0.32353176617591034,0.622562416514406,8.101479228839505,3.432273437424831,13.641321379428964,0.6420099419754713,23.424908800000015,1.4098247549635814,5.351423999999995,0.0,18.07348480000002,1.4098247549635814,0.22934844564922313,0.01498858945919684,0.7875650463494592,0.01694459954460214,0.86,0.06041522986797285,0.0,0.0,160.3,11.109005356016352,0.0,0.0,338.55,18.296106143111434,234.55,18.296106143111434,104.0,0.0,136.1,69.94419203908213,2006.7,242.51208217323935,0.0,0.0,0.0,0.0,1.0,0.0,0.0,0.0,0.0,0.0,SIM
trickle,25,20,9,warm,240.0,60.0,node_hello,continuous,20,14.15,1.1521718621802912,0.7075,0.05760859310901456,0.30471980592776615,0.07618531605159622,5.7814563133855055,3.3304503838725754,14.2091163003663,0.8785330044086747,72.86220799999988,3.7172761990321512,19.275776000000032,0.0,53.58643199999985,3.7172761990321512,0.2652346624287894,0.013415408562333085,0.7459620018762501,0.026565674329626702,0.7075,0.05760859310901456,0.0,0.0,218.45,12.733715090263328,0.0,0.0,304.5,13.908630414242806,200.5,13.908630414242806,104.0,0.0,8.45,20.689308833308086,1385.6,142.97356398999082,0.0,0.0,0.026000000000000002,0.11333137253205752,1.0,0.0,0.0,0.0,0.0,0.0,SIM
trickle,25,20,9,cold,240.0,60.0,node_hello,continuous,20,14.05,1.2031209415515964,0.7025,0.06015604707757982,0.2861425076675809,0.05670391829227754,5.55608876330948,3.1565551345147846,14.190984432234433,0.8626159114765778,72.39449599999989,3.5985239208755213,19.275776000000032,0.0,53.11871999999986,3.5985239208755213,0.26690284806579995,0.01294553615262745,0.7454662448103023,0.030126678690847706,0.7025,0.06015604707757982,0.0,0.0,217.7,13.289469515371936,0.0,0.0,302.75,13.464304660843055,198.75,13.464304660843055,104.0,0.0,7.7,18.560980577544928,1367.15,166.9039469275667,0.0,0.0,0.0,0.0,1.0,0.0,0.0,0.0,0.0,0.0,SIM
trickle,50,5,7,warm,240.0,60.0,node_hello,continuous,20,4.2,0.812403840463596,0.8400000000000001,0.1624807680927192,0.32802681550049506,0.5257784574447105,1.3493123263766713,1.5209251795524328,29.67083333333333,5.860254248845447,19.747596799999986,0.7279549284263194,10.49702399999999,0.0,9.250572799999995,0.7279549284263196,0.5323029238010001,0.020188907811078457,0.7952793548447642,0.04596737569281942,0.8400000000000001,0.1624807680927192,0.0,0.0,276.6,8.24257241399795,0.0,0.0,324.05,9.447089498888005,120.05,9.447089498888005,204.0,0.0,121.0,126.52391078369337,1049.65,243.8852752832774,0.0,0.0,0.09,0.21536016344718908,1.0,0.0,0.0,0.0,0.0,0.0,SIM
trickle,50,5,7,cold,240.0,60.0,node_hello,continuous,20,4.2,0.812403840463596,0.8400000000000001,0.1624807680927192,0.39070021824449624,0.5570236407504597,1.2886849202691564,1.2020474397718737,29.182499999999997,5.429255819170801,19.643571199999986,0.9838153279144286,10.49702399999999,0.0,9.146547199999995,0.9838153279144288,0.5356700528050502,0.025965377553684447,0.772910134287391,0.05972815050318692,0.8400000000000001,0.1624807680927192,0.0,0.0,279.25,9.924086859756923,0.0,0.0,322.7,12.767536959022284,118.7,12.767536959022284,204.0,0.0,119.9,125.59175928380014,967.4,325.1846244827698,0.0,0.0,0.0,0.0,1.0,0.0,0.0,0.0,0.0,0.0,SIM
trickle,50,5,9,warm,240.0,60.0,node_hello,continuous,20,3.6,0.916515138991168,0.72,0.1833030277982336,0.30737387347080514,0.17483488509745446,0.8263731225897125,1.1324268328894433,31.07833333333333,10.180340667733626,65.61899520000016,3.671817336143751,37.81017600000009,0.0,27.808819200000055,3.6718173361437514,0.5780216938441363,0.03247239290185133,0.2512527678901283,0.22557158400530422,0.72,0.1833030277982336,0.0,0.0,299.4,10.599056561788885,0.0,0.0,308.05,13.738540679417156,104.05,13.738540679417156,204.0,0.0,11.5,34.513041013506765,276.45,163.78598077979692,0.0,0.0,0.0,0.0,1.0,0.0,0.0,0.0,0.0,0.0,SIM
trickle,50,5,9,cold,240.0,60.0,node_hello,continuous,20,3.6,0.8602325267042626,0.72,0.17204650534085256,0.3073738734708085,0.1748348850974549,0.8741555051936809,1.1408966826952376,30.77833333333333,8.97770092445103,65.75262720000015,3.556193332112666,37.81017600000009,0.0,27.942451200000058,3.5561933321126666,0.5767334679121743,0.031433187899251716,0.2531918490233943,0.23117960910558288,0.72,0.17204650534085256,0.0,0.0,299.85,10.130523184910047,0.0,0.0,308.55,13.3059197352156,104.55,13.3059197352156,204.0,0.0,11.4,34.20146195705675,278.7,164.82326898833188,0.0,0.0,0.0,0.0,1.0,0.0,0.0,0.0,0.0,0.0,SIM
trickle,50,20,7,warm,240.0,60.0,node_hello,continuous,20,15.55,1.909842925478428,0.7775000000000001,0.0954921462739214,0.3793671434976183,0.43813303142506244,4.361120595917934,2.029779649035827,26.81450688608777,1.4154839731590747,42.54076159999981,3.6719650032611497,10.49702399999999,0.0,32.04373759999983,3.6719650032611515,0.24860842984948647,0.02159603244699851,0.8649473879898274,0.011590961665385915,0.7775000000000001,0.0954921462739214,0.0,0.0,384.6,28.293815578673726,0.0,0.0,619.85,47.65320031225605,415.85,47.65320031225605,204.0,0.0,108.5,116.99679482789261,5722.2,816.0961095361257,0.0,0.0,0.078,0.1870721785835617,1.0,0.0,0.0,0.0,0.0,0.0,SIM
trickle,50,20,7,cold,240.0,60.0,node_hello,continuous,20,15.05,1.499166435056495,0.7525000000000001,0.07495832175282476,0.4468511870673358,0.5541570381310286,5.134153579538477,2.42274771043597,26.785409978093803,1.812719768237316,41.442713599999834,2.6274175179059083,10.49702399999999,0.0,30.945689599999845,2.6274175179059096,0.25429918644615185,0.015988001085697676,0.8670083145766567,0.008425893486466444,0.7525000000000001,0.07495832175282476,0.0,0.0,375.25,21.5078474050752,0.0,0.0,605.6,34.09750724026611,401.6,34.09750724026611,204.0,0.0,114.85,121.67632267618873,5602.5,592.3437768728562,0.0,0.0,0.0,0.0,1.0,0.0,0.0,0.0,0.0,0.0,SIM
trickle,50,20,9,warm,240.0,60.0,node_hello,continuous,20,11.9,1.1789826122551597,0.595,0.05894913061275796,0.39138618628999355,0.5090035738716078,3.4486995230737514,2.3922147181624753,27.359418359418363,3.4323453314529635,124.1097215999996,7.868145035792425,37.81017600000009,0.0,86.29954559999952,7.868145035792425,0.3058537184098856,0.01900037830815277,0.7743512697173648,0.029998721736763222,0.595,0.05894913061275796,0.0,0.0,447.1,25.957465207527488,0.0,0.0,526.9,29.439599182054092,322.9,29.439599182054092,204.0,0.0,6.85,20.816519882055214,2630.3,377.80101905632813,0.0,0.0,0.0,0.0,1.0,0.0,0.0,0.0,0.0,0.0,SIM
trickle,50,20,9,cold,240.0,60.0,node_hello,continuous,20,11.95,1.0712142642814275,0.5974999999999999,0.053560713214071354,0.3913861862899905,0.5090035738716086,3.4815603576464857,2.473629132077106,27.140908258408256,2.836327865477907,124.08299519999962,8.254780820358272,37.81017600000009,0.0,86.27281919999953,8.25478082035827,0.30603605788057087,0.019860426000464722,0.7781657349348016,0.029298627476993307,0.5974999999999999,0.053560713214071354,0.0,0.0,446.25,27.084820471991318,0.0,0.0,526.8,30.88624289226516,322.8,30.88624289226516,204.0,0.0,10.9,32.71375857341984,2648.6,372.321688865959,0.0,0.0,0.0,0.0,1.0,0.0,0.0,0.0,0.0,0.0,SIM
trickle,100,5,7,warm,240.0,60.0,node_hello,continuous,20,3.95,1.023474474522936,0.79,0.2046948949045872,0.1466213586467827,0.14432519177430278,0.8460304833615225,0.8177476743853627,58.708333333333336,17.118938099854986,37.24439040000017,2.9151799891054218,20.530944000000137,1.0980763447294895,16.71344640000003,2.324218963880415,0.5529514739497924,0.030414813330410607,0.7451362592017088,0.14763837783730357,0.79,0.2046948949045872,0.0,0.0,574.3,27.21782504168913,0.0,0.0,615.9,42.91841096778864,216.9,30.1627253410563,399.0,21.340103092534488,72.9,115.10251952064299,2018.25,1046.7617147660685,0.0,0.0,0.020499999999999997,0.0893574283425838,1.0,0.0,0.0,0.0,0.0,0.0,SIM
trickle,100,5,7,cold,240.0,60.0,node_hello,continuous,20,3.85,1.107925990308017,0.77,0.22158519806160337,0.205941312580177,0.28116444181487116,0.8590501810004672,0.8593487771924836,61.5425,20.8830337002979,37.13265920000017,2.0465579714826987,20.530944000000137,1.0980763447294895,16.601715200000037,1.7485897888342212,0.5536285927575453,0.029603680446168797,0.7529817073315362,0.14482753015760141,0.77,0.22158519806160337,0.0,0.0,572.7,22.492443175431166,0.0,0.0,614.45,30.84554262774445,215.45,22.69245469313534,399.0,21.340103092534488,75.8,119.00361339051852,2023.45,954.3101421969694,0.0,0.0,0.0,0.0,1.0,0.0,0.0,0.0,0.0,0.0,SIM
trickle,100,5,9,warm,240.0,60.0,node_hello,continuous,20,3.3,0.7810249675906654,0.6599999999999999,0.1562049935181331,0.281075834564615,0.06020439109207064,0.39174080555768986,0.4951991725131602,64.23416666666667,15.560507770742358,127.60550400000007,5.757274112114364,73.9522560000002,3.955260067582724,53.65324799999985,2.685803741847988,0.5793782447147059,0.013760770658951194,0.06383820361495238,0.10439848706318441,0.6599999999999999,0.1562049935181331,0.0,0.0,594.0,27.258026340878022,0.0,0.0,599.75,27.64213269630258,200.75,10.049253703633918,399.0,21.340103092534488,16.05,55.22180275941741,372.3,68.82376043199035,0.0,0.0,0.028499999999999998,0.12422861989090919,1.0,0.0,0.0,0.0,0.0,0.0,SIM
trickle,100,5,9,cold,240.0,60.0,node_hello,continuous,20,3.45,0.8645808232895291,0.6900000000000001,0.17291616465790582,0.2810758345646182,0.0602043910920701,0.3809251468618624,0.49543745297778985,63.08833333333333,16.280028750315864,128.58101760000005,3.4109764382966783,73.9522560000002,3.955260067582724,54.62876159999985,2.2462899251800375,0.5748326894651613,0.021803846228564298,0.05818000500063366,0.10463815331326658,0.6900000000000001,0.17291616465790582,0.0,0.0,597.6,18.350476833041697,0.0,0.0,603.4,18.526737435393205,204.4,8.404760555780278,399.0,21.340103092534488,16.05,55.692436649871944,374.0,64.75183395086196,0.0,0.0,0.0,0.0,1.0,0.0,0.0,0.0,0.0,0.0,SIM
trickle,100,20,7,warm,240.0,60.0,node_hello,continuous,20,13.25,1.299038105676658,0.6625,0.06495190528383289,0.1735905886296404,0.14064160482930335,3.063063979234394,1.5461190496798118,50.94463807026307,2.7978132893777565,72.43971839999968,5.214946091530698,20.530944000000137,1.0980763447294895,51.90877439999955,4.800117226276207,0.2843443939973799,0.01939406938031544,0.9018166635492773,0.005979488293090282,0.6625,0.06495190528383289,0.0,0.0,807.25,58.963442063705884,0.0,0.0,1072.65,71.27150552640235,673.65,62.29388011674983,399.0,21.340103092534488,59.1,88.93756236821426,13155.5,1281.488841153133,0.0,0.0,0.019,0.0828190799272728,1.0,0.0,0.0,0.0,0.0,0.0,SIM
trickle,100,20,7,cold,240.0,60.0,node_hello,continuous,20,13.4,1.0677078252031311,0.67,0.053385391260156546,0.14104983501415053,0.12338875019880825,3.2839272345403097,1.5312114669523094,50.5917007992008,2.7792831173853374,72.64006399999968,3.6350924819028925,20.530944000000137,1.0980763447294895,52.10911999999954,3.470247993572744,0.28312484167644447,0.018160760498854633,0.9024880882735147,0.005966183159886132,0.67,0.053385391260156546,0.0,0.0,807.0,38.68849958320948,0.0,0.0,1075.25,49.74824117494004,676.25,45.03540274051071,399.0,21.340103092534488,75.35,120.2935056434885,13277.85,1180.2394365127782,0.0,0.0,0.0,0.0,1.0,0.0,0.0,0.0,0.0,0.0,SIM
trickle,100,20,9,warm,240.0,60.0,node_hello,continuous,20,10.5,1.5329709716755893,0.525,0.07664854858377947,0.2672639999999994,4.549693413077342e-15,2.110687805619599,1.738037054746323,54.10143648018648,6.266208433668462,223.5800064000003,13.151829253095901,73.9522560000002,3.955260067582724,149.62775040000002,11.468794638970659,0.33130790605681704,0.018493055353462556,0.7751015373146116,0.02176480342284411,0.525,0.07664854858377947,0.0,0.0,889.6,50.03638676003694,0.0,0.0,958.85,53.080387150057604,559.85,42.91185733570617,399.0,21.340103092534488,9.35,29.0177101095176,4653.85,551.1856561087199,0.0,0.0,0.028499999999999998,0.12422861989090919,1.0,0.0,0.0,0.0,0.0,0.0,SIM
trickle,100,20,9,cold,240.0,60.0,node_hello,continuous,20,10.65,1.4585952145814822,0.5325,0.0729297607290741,0.2672639999999992,1.3144397107169994e-15,2.1601797945706123,1.6752645494684937,53.5708682983683,5.853708748361383,224.48870400000027,11.65028253961019,73.9522560000002,3.955260067582724,150.5364480000001,10.782661661381097,0.329961602297645,0.020383333113035224,0.776586053610008,0.020903517613030716,0.5325,0.0729297607290741,0.0,0.0,892.0,43.64172315571419,0.0,0.0,962.25,46.47781728954147,563.25,40.34460930533347,399.0,21.340103092534488,9.75,30.179256120719742,4712.75,530.8216155169267,0.0,0.0,0.0,0.0,1.0,0.0,0.0,0.0,0.0,0.0,SIM
store_carry_forward,25,5,7,warm,240.0,60.0,node_hello,continuous,20,4.8,0.4,0.96,0.07999999999999999,0.34742028734095065,0.45695984924530847,1.5195305132546746,1.2252467016588937,14.49,0.9820386957752736,11.312729599999987,0.41729577020506575,5.968895999999995,0.0,5.343833599999991,0.41729577020506575,0.528368768275738,0.020150639819161105,0.7975437838828082,0.018857399019903315,0.96,0.07999999999999999,0.0,0.0,126.05,7.625450806345812,0.0,0.0,185.35,5.415487051041669,69.35,5.415487051041669,116.0,0.0,157.1,119.06884563142451,662.5,74.14883680813881,0.0,0.0,0.08928571428571427,0.2680951323690902,1.0,0.0,0.0,0.0,0.0,0.0,SIM
store_carry_forward,25,5,7,cold,240.0,60.0,node_hello,continuous,20,4.85,0.47696960070847283,0.97,0.09539392014169457,0.3760447073197246,0.41283105878931176,1.668311197934712,0.9415403752621138,14.416666666666666,1.124252838308378,11.362815999999984,0.7195561731089499,5.968895999999995,0.0,5.393919999999991,0.71955617310895,0.5276444208316234,0.03713400011518792,0.7943000331392573,0.019995948869480588,0.97,0.09539392014169457,0.0,0.0,127.2,6.313477647065839,0.0,0.0,186.0,9.338094023943002,70.0,9.338094023943002,116.0,0.0,148.3,101.35289833053616,661.2,106.46013338334684,0.0,0.0,0.0,0.0,1.0,0.0,0.0,0.0,0.0,0.0,SIM
store_carry_forward,25,5,9,warm,240.0,60.0,node_hello,continuous,20,4.5,0.6708203932499369,0.9,0.1341640786499874,0.3136453861250132,0.15035762702851793,1.3778330698390036,0.8014395608944992,14.699166666666667,1.2317723793154498,39.09923840000007,2.5680649415459653,21.49990400000004,0.0,17.59933440000003,2.5680649415459653,0.5523864241550378,0.038235720490328085,0.7061312159904432,0.05375296108078704,0.9,0.1341640786499874,0.0,0.0,157.9,8.791473141629906,0.0,0.0,181.85,9.608719998001815,65.85,9.608719998001815,116.0,0.0,3.35,14.602311460861257,433.3,85.28311673479107,0.0,0.0,0.04107142857142857,0.17902620660970622,1.0,0.0,0.0,0.0,0.0,0.0,SIM
store_carry_forward,25,5,9,cold,240.0,60.0,node_hello,continuous,20,4.45,0.6689544080129826,0.89,0.1337908816025965,0.3620268144005455,0.3331813696341124,1.1184231162106884,0.9494408565409496,14.551666666666668,1.0286169246992671,38.73843200000007,2.4907226800062747,21.49990400000004,0.0,17.238528000000027,2.4907226800062747,0.5573854234266216,0.037186612053842535,0.6988908050505702,0.038989438285159606,0.89,0.1337908816025965,0.0,0.0,158.1,7.712976079309464,0.0,0.0,180.5,9.31933474020544,64.5,9.31933474020544,116.0,0.0,4.45,19.397100298755998,407.95,76.17117236855424,0.0,0.0,0.0,0.0,1.0,0.0,0.0,0.0,0.0,0.0,SIM
store_carry_forward,25,20,7,warm,240.0,60.0,node_hello,continuous,20,18.8,1.2083045973594573,0.9400000000000001,0.060415229867972854,0.2718316571556144,0.2909087786298298,2.34423346157038,0.9081454727999001,14.498021585827313,0.6200454936846811,26.970508799999976,1.6086951057169554,5.968895999999995,0.0,21.001612799999982,1.6086951057169554,0.22213023684540306,0.013736624693754149,0.7994888618237377,0.01518020754226534,0.9400000000000001,0.060415229867972854,0.0,0.0,183.9,12.585308895692629,0.0,0.0,388.55,20.876960985737362,272.55,20.876960985737362,116.0,0.0,142.8,106.36098908904523,2636.5,304.92318704880415,0.0,0.0,0.08928571428571427,0.26999149646473186,1.0,0.0,0.0,0.0,0.0,0.0,SIM
store_carry_forward,25,20,7,cold,240.0,60.0,node_hello,continuous,20,18.95,1.023474474522936,0.9475,0.051173723726146786,0.22484603033307424,0.27566151648266446,2.0558913106007712,0.6354962204891758,14.521546052631578,0.7649770729589636,27.143884799999974,1.1856612504081088,5.968895999999995,0.0,21.17498879999998,1.1856612504081088,0.22031568481007166,0.009566332512397496,0.8004580908453848,0.014741161275985664,0.9475,0.051173723726146786,0.0,0.0,184.4,12.970736293672768,0.0,0.0,390.8,15.387007506334687,274.8,15.387007506334687,116.0,0.0,144.6,97.9578480776298,2659.65,213.23561498961658,0.0,0.0,0.0,0.0,1.0,0.0,0.0,0.0,0.0,0.0,SIM
store_carry_forward,25,20,9,warm,240.0,60.0,node_hello,continuous,20,16.85,1.3518505834595775,0.8425,0.06759252917297887,0.2839242430135453,0.07262031567083811,2.3928511713007423,1.056636348198647,14.539457743623766,0.7683805083753709,86.88604159999977,5.3814221959826245,21.49990400000004,0.0,65.38613759999973,5.3814221959826245,0.24836729885166622,0.01486568672584941,0.7032645829152562,0.024410870633494456,0.8425,0.06759252917297887,0.0,0.0,274.35,18.07007194230283,0.0,0.0,360.65,20.13523031902044,244.65,20.13523031902044,116.0,0.0,4.35,18.96121040440193,1561.05,141.11820399934234,0.0,0.0,0.04107142857142857,0.17902620660970622,1.0,0.0,0.0,0.0,0.0,0.0,SIM
store_carry_forward,25,20,9,cold,240.0,60.0,node_hello,continuous,20,16.5,1.4317821063276353,0.825,0.07158910531638177,0.3108897468784918,0.13128191143997678,2.0415297634147445,0.9037544151918161,14.680376001277704,0.5930789792350404,86.13770239999978,5.0697627920522,21.49990400000004,0.0,64.63779839999974,5.0697627920522,0.2504614769055951,0.014685216957022372,0.7064912320186246,0.017290707575611183,0.825,0.07158910531638177,0.0,0.0,272.55,14.661087954173114,0.0,0.0,357.85,18.96911964219742,241.85,18.96911964219742,116.0,0.0,3.5,15.256146302392358,1553.2,159.68957386128878,0.0,0.0,0.0,0.0,1.0,0.0,0.0,0.0,0.0,0.0,SIM
store_carry_forward,50,5,7,warm,240.0,60.0,node_hello,continuous,20,4.65,0.5722761571129799,0.93,0.11445523142259596,0.2582130449881081,0.26924040728107607,1.2370148168556403,0.9498780070794185,26.76,1.663249830903343,20.64494079999999,1.4558090522139868,11.05532159999999,0.257935229644653,9.589619199999998,1.34935485221145,0.5378640492983762,0.03550866349093095,0.8549439791279332,0.00853370484902641,0.93,0.11445523142259596,0.0,0.0,268.7,14.311184437355282,0.0,0.0,339.3,19.75626482916242,124.45,17.511353459969907,214.85,5.012733785071775,165.25,112.93001151155525,1705.05,248.03215013380824,0.0,0.0,0.12264150943396226,0.2556238224928293,1.0,0.0,0.0,0.0,0.0,0.0,SIM
store_carry_forward,50,5,7,cold,240.0,60.0,node_hello,continuous,20,4.6,0.5830951894845301,0.9199999999999999,0.116619037896906,0.41888997532426375,0.5333890463114949,1.0683506467075223,0.7017139836772859,26.514166666666664,1.812658230641152,20.49082879999999,1.54138180601465,11.05532159999999,0.257935229644653,9.435507199999998,1.5272792725332802,0.5427292457898555,0.04510877146227916,0.856710385847425,0.013119049239518817,0.9199999999999999,0.116619037896906,0.0,0.0,266.35,14.937452928796127,0.0,0.0,337.3,20.3004926048606,122.45,19.82038092469466,214.85,5.012733785071775,169.35,111.53487122868793,1713.4,272.4935595569187,0.0,0.0,0.0,0.0,1.0,0.0,0.0,0.0,0.0,0.0,SIM
store_carry_forward,50,5,9,warm,240.0,60.0,node_hello,continuous,20,3.85,0.653834841531101,0.77,0.13076696830622023,0.4330090915075882,0.4176527890187882,1.839870050142407,1.113268877550746,26.669999999999998,1.9031742490434818,67.13553920000015,4.603182092582769,39.8211584000001,0.9290801306603461,27.31438080000006,4.191531228487775,0.5955071910405247,0.036351601680079865,0.6595750508714209,0.05424152143164467,0.77,0.13076696830622023,0.0,0.0,300.15,17.433516570101396,0.0,0.0,317.05,18.076158330795845,102.2,15.683111936092276,214.85,5.012733785071775,0.0,0.0,589.8,118.81270975783694,0.0,0.0,0.0,0.0,1.0,0.0,0.0,0.0,0.0,0.0,SIM
store_carry_forward,50,5,9,cold,240.0,60.0,node_hello,continuous,20,3.6,0.6633249580710799,0.72,0.13266499161421602,0.3756444615363973,0.17997092622360256,1.3828057930845055,1.0515643118189222,26.9775,2.614815029574537,65.74576640000015,5.390986176228982,39.8211584000001,0.9290801306603461,25.924608000000052,5.057578409054842,0.6094712561556072,0.04840550378182055,0.6869822464236217,0.047885733797017715,0.72,0.13266499161421602,0.0,0.0,294.45,19.832990193110064,0.0,0.0,311.85,20.883665865934553,97.0,18.923530326025322,214.85,5.012733785071775,0.0,0.0,606.65,108.23644256903495,0.0,0.0,0.0,0.0,1.0,0.0,0.0,0.0,0.0,0.0,SIM
store_carry_forward,50,20,7,warm,240.0,60.0,node_hello,continuous,20,18.8,0.9797958971132712,0.9400000000000001,0.04898979485566356,0.2193084336243743,0.1416769152833455,1.700361158780392,0.6262286377990166,27.360381836945304,0.7842821492151574,50.673663999999704,2.089199760358372,11.05532159999999,0.257935229644653,39.61834239999972,2.039623704566046,0.21848907316991178,0.009375807053638859,0.8521304884723253,0.008174070673111088,0.9400000000000001,0.04898979485566356,0.0,0.0,466.55,21.673659128075258,0.0,0.0,729.0,27.578977500987957,514.15,26.469369089572197,214.85,5.012733785071775,157.0,110.69598005347801,6747.2,453.05602302585055,0.0,0.0,0.12547169811320755,0.264842423780561,1.0,0.0,0.0,0.0,0.0,0.0,SIM
store_carry_forward,50,20,7,cold,240.0,60.0,node_hello,continuous,20,18.65,1.061838029079765,0.9324999999999999,0.05309190145398824,0.24395804549968547,0.17475894565767014,1.6194086385506767,0.7429094769461576,27.241457043343654,0.6711519440740321,50.19976959999972,2.388604603000606,11.05532159999999,0.257935229644653,39.14444799999973,2.332010440341605,0.2206886268105314,0.011124770158624779,0.8525971784034668,0.010140805496265021,0.9324999999999999,0.05309190145398824,0.0,0.0,460.75,22.070058903410295,0.0,0.0,722.85,31.490117497399083,508.0,30.263839809250907,214.85,5.012733785071775,153.3,101.00054455298744,6731.15,599.3685239483301,0.0,0.0,0.0,0.0,1.0,0.0,0.0,0.0,0.0,0.0,SIM
store_carry_forward,50,20,9,warm,240.0,60.0,node_hello,continuous,20,15.65,1.3518505834595775,0.7825,0.06759252917297888,0.28970196433779416,0.06960588844257758,2.139116462372463,0.9327383980982779,26.98577977986066,1.2167002087338064,152.48629759999935,8.533336939587425,39.8211584000001,0.9290801306603461,112.66513919999925,8.638655084316095,0.26198733206662983,0.016274119521446893,0.6547132928595646,0.026281475223364922,0.7825,0.06759252917297888,0.0,0.0,569.5,26.98054854890834,0.0,0.0,636.4,31.873813703414907,421.55,32.32255404512459,214.85,5.012733785071775,0.0,0.0,2348.05,292.41707798964137,0.0,0.0,0.0,0.0,1.0,0.0,0.0,0.0,0.0,0.0,SIM
store_carry_forward,50,20,9,cold,240.0,60.0,node_hello,continuous,20,15.15,1.5580436450882882,0.7575000000000001,0.07790218225441442,0.3030878861127423,0.0927016105901634,2.033887885314237,0.9872762003979182,27.187681803490626,1.1295243791686598,149.61320959999938,9.000409587685159,39.8211584000001,0.9290801306603461,109.79205119999929,9.148708670885922,0.26717714069742565,0.01800357408260639,0.665117240290563,0.02535705340417997,0.7575000000000001,0.07790218225441442,0.0,0.0,559.4,31.41878419035339,0.0,0.0,625.65,33.5429202664288,410.8,34.23098012035297,214.85,5.012733785071775,0.0,0.0,2323.65,194.52307703714746,0.0,0.0,0.0,0.0,1.0,0.0,0.0,0.0,0.0,0.0,SIM
store_carry_forward,100,5,7,warm,240.0,60.0,node_hello,continuous,20,4.55,0.5894913061275798,0.9099999999999999,0.11789826122551594,0.3318732522963286,0.31397673284367805,0.9269640345729384,0.5089025256545854,51.18416666666667,1.9221116498383868,39.34168320000018,2.6970433153224778,21.356812800000164,0.21307692883689458,17.984870400000016,2.655627469076289,0.545491518178644,0.039083471562118964,0.8642734068893152,0.009643129445307526,0.9099999999999999,0.11789826122551594,0.0,0.0,580.45,25.802083249226214,0.0,0.0,648.45,35.34611011129796,233.4,34.463603990296775,415.05,4.14095399636364,26.55,63.40384452065979,3478.8,564.9983716790696,0.0,0.0,0.0,0.0,1.0,0.0,0.0,0.0,0.0,0.0,SIM
store_carry_forward,100,5,7,cold,240.0,60.0,node_hello,continuous,20,4.65,0.47696960070847283,0.93,0.09539392014169454,0.3510029934242649,0.36149780877519355,1.1040673586402345,0.8827381738953168,51.675,1.6605345524860369,39.85410560000018,1.7947816361165916,21.356812800000164,0.21307692883689458,18.497292800000018,1.8258329363441967,0.5370090890869865,0.025771602843748246,0.8627958211359813,0.0118454543636859,0.93,0.09539392014169454,0.0,0.0,587.0,20.796634343085422,0.0,0.0,655.1,23.211850421713475,240.05,23.694883413935592,415.05,4.14095399636364,25.6,61.05194509595906,3502.7,354.49669956150507,0.0,0.0,0.0,0.0,1.0,0.0,0.0,0.0,0.0,0.0,SIM
store_carry_forward,100,5,9,warm,240.0,60.0,node_hello,continuous,20,3.9,0.9433981132056604,0.78,0.18867962264113208,0.7981306931560586,1.0344992874570869,2.0733565889294647,1.4901762463051915,46.48166666666667,5.004561530355193,124.68710400000012,10.07924911801849,76.92702720000021,0.7675009775020251,47.76007679999991,9.785695353959918,0.6209432353228703,0.049644762783280026,0.5412327068673586,0.13453974488482973,0.78,0.18867962264113208,0.0,0.0,581.95,38.568737339975236,0.0,0.0,593.75,38.25686212955788,178.7,36.614341452496454,415.05,4.14095399636364,12.9,56.22979637167469,803.1,139.7232622006801,0.0,0.0,0.0,0.0,1.0,0.0,0.0,0.0,0.0,0.0,SIM
store_carry_forward,100,5,9,cold,240.0,60.0,node_hello,continuous,20,3.85,0.47696960070847283,0.77,0.09539392014169458,0.4245857775148913,0.4474374631490502,1.5394765435871212,1.3904315328913441,48.4775,4.5453464450529575,126.47777280000011,5.634071873508074,76.92702720000021,0.7675009775020251,49.55074559999989,5.34554725731868,0.6092894152627861,0.024416241808637055,0.6089289160075858,0.0694579060358377,0.77,0.09539392014169458,0.0,0.0,586.5,22.06241147291021,0.0,0.0,600.45,21.662121318098094,185.4,20.00099997500125,415.05,4.14095399636364,12.35,53.83240195272732,941.7,136.05149760292974,0.0,0.0,0.0,0.0,1.0,0.0,0.0,0.0,0.0,0.0,SIM
store_carry_forward,100,20,7,warm,240.0,60.0,node_hello,continuous,20,18.95,0.8645808232895291,0.9475,0.043229041164476456,0.19662690159537047,0.1268732120825602,1.2240961068521368,0.5234730670216825,51.183810629514966,1.0611162761714545,96.10883839999937,4.1022798805452805,21.356812800000164,0.21307692883689458,74.75202559999921,4.000824397165787,0.22257965039269859,0.008746955072876253,0.8571340034861862,0.012016327263607648,0.9475,0.043229041164476456,0.0,0.0,1117.8,51.02607176728383,0.0,0.0,1385.15,53.933547074154134,970.1,51.920997679166376,415.05,4.14095399636364,18.1,44.23900993467191,13729.6,1190.2635170414994,0.0,0.0,0.0,0.0,1.0,0.0,0.0,0.0,0.0,0.0,SIM
store_carry_forward,100,20,7,cold,240.0,60.0,node_hello,continuous,20,18.9,1.2206555615733703,0.945,0.06103277807866851,0.1561443090337616,0.09437139095724081,1.2756960161809998,0.4334145060210426,51.348010835913314,0.8843434269076107,96.14351359999938,5.09523067311696,21.356812800000164,0.21307692883689458,74.78670079999922,5.070347744290073,0.22280125768318726,0.012879346368711037,0.8584746293825665,0.008709550686159162,0.945,0.06103277807866851,0.0,0.0,1115.3,51.86241413586529,0.0,0.0,1385.6,66.3267668441633,970.55,65.8008168642305,415.05,4.14095399636364,20.35,48.603780717141746,13792.8,1185.4382986895607,0.0,0.0,0.0,0.0,1.0,0.0,0.0,0.0,0.0,0.0,SIM
store_carry_forward,100,20,9,warm,240.0,60.0,node_hello,continuous,20,15.35,1.3883443376914821,0.7675,0.06941721688457411,0.26726400000000616,6.305441271087932e-15,2.259620974552706,1.182629116700139,46.01425734396322,1.7608895989768423,265.49514240000195,16.548000098711384,76.92702720000021,0.7675009775020251,188.56811520000173,16.348273667373785,0.29084057689331344,0.01780019554285776,0.5788871764550321,0.0477492211157413,0.7675,0.06941721688457411,0.0,0.0,1071.0,61.88376200587679,0.0,0.0,1120.6,62.285953472673114,705.55,61.169007675456044,415.05,4.14095399636364,9.65,42.0633748051675,3353.45,347.09674083747893,0.0,0.0,0.0,0.0,1.0,0.0,0.0,0.0,0.0,0.0,SIM
store_carry_forward,100,20,9,cold,240.0,60.0,node_hello,continuous,20,15.0,1.7888543819998317,0.75,0.08944271909999159,0.27439882909483815,0.031099999003837878,2.7080513993459094,1.2859310809713,46.35492677794342,2.6199206548570872,261.78017280000176,15.741907624495466,76.92702720000021,0.7675009775020251,184.85314560000157,15.601048106804491,0.29490235620587546,0.017662182845858052,0.5459995736046074,0.06967667741636795,0.75,0.08944271909999159,0.0,0.0,1061.7,57.16826042481964,0.0,0.0,1106.7,59.17609314579664,691.65,58.373174489657494,415.05,4.14095399636364,6.45,28.114898185837344,3065.9,447.2864741974655,0.0,0.0,0.0,0.0,1.0,0.0,0.0,0.0,0.0,0.0,SIM
