label,n_nodes,seed,source,strategy,connected_source,delivered,latency_s,transmissions,receptions
SIM-SMOKE-UNCALIBRATED,20,0,1,flood,1,1,0.143753,19,64
SIM-SMOKE-UNCALIBRATED,20,0,1,trickle,1,1,0.143753,19,64
SIM-SMOKE-UNCALIBRATED,20,0,1,gradient,1,1,0.143753,3,11
SIM-SMOKE-UNCALIBRATED,20,1,2,flood,0,0,,6,15
SIM-SMOKE-UNCALIBRATED,20,1,2,trickle,0,0,,6,15
SIM-SMOKE-UNCALIBRATED,20,1,2,gradient,0,0,,1,3
SIM-SMOKE-UNCALIBRATED,20,2,3,flood,1,0,,7,15
SIM-SMOKE-UNCALIBRATED,20,2,3,trickle,1,0,,7,15
SIM-SMOKE-UNCALIBRATED,20,2,3,gradient,1,0,,1,2
SIM-SMOKE-UNCALIBRATED,20,3,4,flood,0,0,,1,0
SIM-SMOKE-UNCALIBRATED,20,3,4,trickle,0,0,,1,0
SIM-SMOKE-UNCALIBRATED,20,3,4,gradient,0,0,,1,0
SIM-SMOKE-UNCALIBRATED,20,4,5,flood,1,1,0.100150,10,39
SIM-SMOKE-UNCALIBRATED,20,4,5,trickle,1,1,0.100150,10,39
SIM-SMOKE-UNCALIBRATED,20,4,5,gradient,1,1,0.100150,3,16
SIM-SMOKE-UNCALIBRATED,20,5,6,flood,1,1,0.390378,8,16
SIM-SMOKE-UNCALIBRATED,20,5,6,trickle,1,1,0.390378,8,16
SIM-SMOKE-UNCALIBRATED,20,5,6,gradient,1,1,0.390378,5,11
SIM-SMOKE-UNCALIBRATED,20,6,7,flood,1,1,0.000000,17,63
SIM-SMOKE-UNCALIBRATED,20,6,7,trickle,1,1,0.000000,16,58
SIM-SMOKE-UNCALIBRATED,20,6,7,gradient,1,1,0.000000,1,4
SIM-SMOKE-UNCALIBRATED,20,7,8,flood,0,0,,9,26
SIM-SMOKE-UNCALIBRATED,20,7,8,trickle,0,0,,9,26
SIM-SMOKE-UNCALIBRATED,20,7,8,gradient,0,0,,1,5
SIM-SMOKE-UNCALIBRATED,20,8,9,flood,0,0,,5,12
SIM-SMOKE-UNCALIBRATED,20,8,9,trickle,0,0,,5,12
SIM-SMOKE-UNCALIBRATED,20,8,9,gradient,0,0,,1,3
SIM-SMOKE-UNCALIBRATED,20,9,10,flood,1,1,0.094911,10,35
SIM-SMOKE-UNCALIBRATED,20,9,10,trickle,1,1,0.094911,10,35
SIM-SMOKE-UNCALIBRATED,20,9,10,gradient,1,1,0.094911,2,10
SIM-SMOKE-UNCALIBRATED,20,10,11,flood,1,1,0.015401,13,52
SIM-SMOKE-UNCALIBRATED,20,10,11,trickle,1,1,0.015401,12,46
SIM-SMOKE-UNCALIBRATED,20,10,11,gradient,1,0,,1,4
SIM-SMOKE-UNCALIBRATED,20,11,12,flood,1,1,0.175357,15,58
SIM-SMOKE-UNCALIBRATED,20,11,12,trickle,1,1,0.175357,13,46
SIM-SMOKE-UNCALIBRATED,20,11,12,gradient,1,1,0.175357,2,5
SIM-SMOKE-UNCALIBRATED,20,12,13,flood,1,1,0.194672,13,42
SIM-SMOKE-UNCALIBRATED,20,12,13,trickle,1,1,0.194672,13,42
SIM-SMOKE-UNCALIBRATED,20,12,13,gradient,1,0,,3,8
SIM-SMOKE-UNCALIBRATED,20,13,14,flood,1,1,0.218319,17,58
SIM-SMOKE-UNCALIBRATED,20,13,14,trickle,1,1,0.218319,15,50
SIM-SMOKE-UNCALIBRATED,20,13,14,gradient,1,1,0.218319,2,5
SIM-SMOKE-UNCALIBRATED,20,14,15,flood,0,0,,3,5
SIM-SMOKE-UNCALIBRATED,20,14,15,trickle,0,0,,3,5
SIM-SMOKE-UNCALIBRATED,20,14,15,gradient,0,0,,1,2
SIM-SMOKE-UNCALIBRATED,20,15,16,flood,1,1,0.000000,7,24
SIM-SMOKE-UNCALIBRATED,20,15,16,trickle,1,1,0.000000,6,20
SIM-SMOKE-UNCALIBRATED,20,15,16,gradient,1,1,0.000000,1,4
SIM-SMOKE-UNCALIBRATED,20,16,17,flood,1,1,0.258001,12,41
SIM-SMOKE-UNCALIBRATED,20,16,17,trickle,1,1,0.258001,9,32
SIM-SMOKE-UNCALIBRATED,20,16,17,gradient,1,1,0.258001,5,24
SIM-SMOKE-UNCALIBRATED,20,17,18,flood,0,0,,3,5
SIM-SMOKE-UNCALIBRATED,20,17,18,trickle,0,0,,3,5
SIM-SMOKE-UNCALIBRATED,20,17,18,gradient,0,0,,1,2
SIM-SMOKE-UNCALIBRATED,20,18,19,flood,0,0,,8,27
SIM-SMOKE-UNCALIBRATED,20,18,19,trickle,0,0,,8,27
SIM-SMOKE-UNCALIBRATED,20,18,19,gradient,0,0,,1,6
SIM-SMOKE-UNCALIBRATED,20,19,1,flood,0,0,,4,9
SIM-SMOKE-UNCALIBRATED,20,19,1,trickle,0,0,,4,9
SIM-SMOKE-UNCALIBRATED,20,19,1,gradient,0,0,,1,2
SIM-SMOKE-UNCALIBRATED,20,20,2,flood,0,0,,7,18
SIM-SMOKE-UNCALIBRATED,20,20,2,trickle,0,0,,7,18
SIM-SMOKE-UNCALIBRATED,20,20,2,gradient,0,0,,1,1
SIM-SMOKE-UNCALIBRATED,20,21,3,flood,1,1,0.131606,5,12
SIM-SMOKE-UNCALIBRATED,20,21,3,trickle,1,1,0.131606,5,12
SIM-SMOKE-UNCALIBRATED,20,21,3,gradient,1,1,0.131606,3,7
SIM-SMOKE-UNCALIBRATED,20,22,4,flood,1,0,,11,39
SIM-SMOKE-UNCALIBRATED,20,22,4,trickle,1,0,,9,29
SIM-SMOKE-UNCALIBRATED,20,22,4,gradient,1,0,,1,2
SIM-SMOKE-UNCALIBRATED,20,23,5,flood,0,0,,2,2
SIM-SMOKE-UNCALIBRATED,20,23,5,trickle,0,0,,2,2
SIM-SMOKE-UNCALIBRATED,20,23,5,gradient,0,0,,1,1
SIM-SMOKE-UNCALIBRATED,20,24,6,flood,0,0,,13,52
SIM-SMOKE-UNCALIBRATED,20,24,6,trickle,0,0,,11,43
SIM-SMOKE-UNCALIBRATED,20,24,6,gradient,0,0,,1,2
SIM-SMOKE-UNCALIBRATED,20,25,7,flood,0,0,,5,8
SIM-SMOKE-UNCALIBRATED,20,25,7,trickle,0,0,,5,8
SIM-SMOKE-UNCALIBRATED,20,25,7,gradient,0,0,,1,1
SIM-SMOKE-UNCALIBRATED,20,26,8,flood,0,0,,5,8
SIM-SMOKE-UNCALIBRATED,20,26,8,trickle,0,0,,5,8
SIM-SMOKE-UNCALIBRATED,20,26,8,gradient,0,0,,1,2
SIM-SMOKE-UNCALIBRATED,20,27,9,flood,1,1,0.057966,7,24
SIM-SMOKE-UNCALIBRATED,20,27,9,trickle,1,1,0.057966,7,24
SIM-SMOKE-UNCALIBRATED,20,27,9,gradient,1,1,0.057966,2,6
SIM-SMOKE-UNCALIBRATED,20,28,10,flood,1,1,0.234688,15,51
SIM-SMOKE-UNCALIBRATED,20,28,10,trickle,1,1,0.234688,14,46
SIM-SMOKE-UNCALIBRATED,20,28,10,gradient,1,1,0.234688,4,14
SIM-SMOKE-UNCALIBRATED,20,29,11,flood,1,1,0.147682,5,14
SIM-SMOKE-UNCALIBRATED,20,29,11,trickle,1,1,0.147682,5,14
SIM-SMOKE-UNCALIBRATED,20,29,11,gradient,1,1,0.147682,2,7
SIM-SMOKE-UNCALIBRATED,50,0,1,flood,1,1,0.068369,49,430
SIM-SMOKE-UNCALIBRATED,50,0,1,trickle,1,1,0.068369,31,233
SIM-SMOKE-UNCALIBRATED,50,0,1,gradient,1,1,0.068369,3,46
SIM-SMOKE-UNCALIBRATED,50,1,2,flood,1,1,0.112930,47,350
SIM-SMOKE-UNCALIBRATED,50,1,2,trickle,1,1,0.112930,33,223
SIM-SMOKE-UNCALIBRATED,50,1,2,gradient,1,1,0.112930,9,82
SIM-SMOKE-UNCALIBRATED,50,2,3,flood,1,1,0.053683,48,386
SIM-SMOKE-UNCALIBRATED,50,2,3,trickle,1,1,0.053683,30,226
SIM-SMOKE-UNCALIBRATED,50,2,3,gradient,1,1,0.053683,2,21
SIM-SMOKE-UNCALIBRATED,50,3,4,flood,1,1,0.475513,49,344
SIM-SMOKE-UNCALIBRATED,50,3,4,trickle,1,1,0.475513,34,221
SIM-SMOKE-UNCALIBRATED,50,3,4,gradient,1,1,0.475513,8,45
SIM-SMOKE-UNCALIBRATED,50,4,5,flood,1,1,0.059411,49,369
SIM-SMOKE-UNCALIBRATED,50,4,5,trickle,1,1,0.059411,33,231
SIM-SMOKE-UNCALIBRATED,50,4,5,gradient,1,1,0.059411,5,50
SIM-SMOKE-UNCALIBRATED,50,5,6,flood,1,1,0.203988,49,310
SIM-SMOKE-UNCALIBRATED,50,5,6,trickle,1,1,0.203988,36,216
SIM-SMOKE-UNCALIBRATED,50,5,6,gradient,1,1,0.203988,3,20
SIM-SMOKE-UNCALIBRATED,50,6,7,flood,1,1,0.000000,49,369
SIM-SMOKE-UNCALIBRATED,50,6,7,trickle,1,1,0.000000,35,240
SIM-SMOKE-UNCALIBRATED,50,6,7,gradient,1,1,0.000000,1,10
SIM-SMOKE-UNCALIBRATED,50,7,8,flood,1,1,0.092130,49,374
SIM-SMOKE-UNCALIBRATED,50,7,8,trickle,1,1,0.092130,34,248
SIM-SMOKE-UNCALIBRATED,50,7,8,gradient,1,1,0.092130,2,21
SIM-SMOKE-UNCALIBRATED,50,8,9,flood,1,1,0.163954,49,413
SIM-SMOKE-UNCALIBRATED,50,8,9,trickle,1,1,0.163954,27,216
SIM-SMOKE-UNCALIBRATED,50,8,9,gradient,1,0,,9,76
SIM-SMOKE-UNCALIBRATED,50,9,10,flood,1,1,0.094911,49,349
SIM-SMOKE-UNCALIBRATED,50,9,10,trickle,1,1,0.203913,33,223
SIM-SMOKE-UNCALIBRATED,50,9,10,gradient,1,1,0.094911,2,22
SIM-SMOKE-UNCALIBRATED,50,10,11,flood,1,1,0.015401,49,444
SIM-SMOKE-UNCALIBRATED,50,10,11,trickle,1,1,0.015401,31,243
SIM-SMOKE-UNCALIBRATED,50,10,11,gradient,1,0,,1,10
SIM-SMOKE-UNCALIBRATED,50,11,12,flood,1,1,0.175357,49,365
SIM-SMOKE-UNCALIBRATED,50,11,12,trickle,1,1,0.771244,34,231
SIM-SMOKE-UNCALIBRATED,50,11,12,gradient,1,1,0.175357,2,11
SIM-SMOKE-UNCALIBRATED,50,12,13,flood,1,1,0.075945,48,401
SIM-SMOKE-UNCALIBRATED,50,12,13,trickle,1,1,0.075945,31,219
SIM-SMOKE-UNCALIBRATED,50,12,13,gradient,1,1,0.193441,6,64
SIM-SMOKE-UNCALIBRATED,50,13,14,flood,1,1,0.049705,49,447
SIM-SMOKE-UNCALIBRATED,50,13,14,trickle,1,1,0.049705,30,251
SIM-SMOKE-UNCALIBRATED,50,13,14,gradient,1,1,0.069998,3,29
SIM-SMOKE-UNCALIBRATED,50,14,15,flood,1,1,0.260234,49,386
SIM-SMOKE-UNCALIBRATED,50,14,15,trickle,1,1,0.260234,31,229
SIM-SMOKE-UNCALIBRATED,50,14,15,gradient,1,1,0.260234,4,28
SIM-SMOKE-UNCALIBRATED,50,15,16,flood,1,1,0.000000,46,335
SIM-SMOKE-UNCALIBRATED,50,15,16,trickle,1,1,0.000000,29,204
SIM-SMOKE-UNCALIBRATED,50,15,16,gradient,1,1,0.000000,1,13
SIM-SMOKE-UNCALIBRATED,50,16,17,flood,1,1,0.258001,49,353
SIM-SMOKE-UNCALIBRATED,50,16,17,trickle,1,1,0.355101,34,233
SIM-SMOKE-UNCALIBRATED,50,16,17,gradient,1,1,0.258001,8,85
SIM-SMOKE-UNCALIBRATED,50,17,18,flood,1,1,0.067986,49,367
SIM-SMOKE-UNCALIBRATED,50,17,18,trickle,1,1,0.067986,32,220
SIM-SMOKE-UNCALIBRATED,50,17,18,gradient,1,0,,2,15
SIM-SMOKE-UNCALIBRATED,50,18,19,flood,1,1,0.044466,49,425
SIM-SMOKE-UNCALIBRATED,50,18,19,trickle,1,1,0.044466,31,232
SIM-SMOKE-UNCALIBRATED,50,18,19,gradient,1,1,0.044466,12,110
SIM-SMOKE-UNCALIBRATED,50,19,20,flood,1,1,0.075844,49,434
SIM-SMOKE-UNCALIBRATED,50,19,20,trickle,1,1,0.075844,30,241
SIM-SMOKE-UNCALIBRATED,50,19,20,gradient,1,1,0.194953,2,19
SIM-SMOKE-UNCALIBRATED,50,20,21,flood,1,1,0.016926,49,351
SIM-SMOKE-UNCALIBRATED,50,20,21,trickle,1,1,0.016926,33,219
SIM-SMOKE-UNCALIBRATED,50,20,21,gradient,1,0,,1,9
SIM-SMOKE-UNCALIBRATED,50,21,22,flood,1,1,0.273201,49,320
SIM-SMOKE-UNCALIBRATED,50,21,22,trickle,1,1,0.273201,34,204
SIM-SMOKE-UNCALIBRATED,50,21,22,gradient,1,0,,1,4
SIM-SMOKE-UNCALIBRATED,50,22,23,flood,1,1,0.000000,49,362
SIM-SMOKE-UNCALIBRATED,50,22,23,trickle,1,1,0.000000,35,249
SIM-SMOKE-UNCALIBRATED,50,22,23,gradient,1,1,0.000000,1,11
SIM-SMOKE-UNCALIBRATED,50,23,24,flood,1,1,0.036955,47,362
SIM-SMOKE-UNCALIBRATED,50,23,24,trickle,1,1,0.036955,31,225
SIM-SMOKE-UNCALIBRATED,50,23,24,gradient,1,1,0.036955,4,37
SIM-SMOKE-UNCALIBRATED,50,24,25,flood,1,1,0.000000,49,396
SIM-SMOKE-UNCALIBRATED,50,24,25,trickle,1,1,0.000000,31,232
SIM-SMOKE-UNCALIBRATED,50,24,25,gradient,1,1,0.000000,1,10
SIM-SMOKE-UNCALIBRATED,50,25,26,flood,1,1,0.119399,49,444
SIM-SMOKE-UNCALIBRATED,50,25,26,trickle,1,1,0.119399,31,251
SIM-SMOKE-UNCALIBRATED,50,25,26,gradient,1,1,0.119399,2,18
SIM-SMOKE-UNCALIBRATED,50,26,27,flood,1,1,0.085304,49,330
SIM-SMOKE-UNCALIBRATED,50,26,27,trickle,1,1,0.085304,36,227
SIM-SMOKE-UNCALIBRATED,50,26,27,gradient,1,1,0.085304,5,46
SIM-SMOKE-UNCALIBRATED,50,27,28,flood,1,1,0.061156,49,376
SIM-SMOKE-UNCALIBRATED,50,27,28,trickle,1,1,0.061156,33,234
SIM-SMOKE-UNCALIBRATED,50,27,28,gradient,1,1,0.061156,7,76
SIM-SMOKE-UNCALIBRATED,50,28,29,flood,1,1,0.000000,48,417
SIM-SMOKE-UNCALIBRATED,50,28,29,trickle,1,1,0.000000,28,222
SIM-SMOKE-UNCALIBRATED,50,28,29,gradient,1,1,0.000000,1,11
SIM-SMOKE-UNCALIBRATED,50,29,30,flood,1,1,0.143557,49,339
SIM-SMOKE-UNCALIBRATED,50,29,30,trickle,1,1,0.143557,32,215
SIM-SMOKE-UNCALIBRATED,50,29,30,gradient,1,1,0.154766,7,50
SIM-SMOKE-UNCALIBRATED,100,0,1,flood,1,1,0.045502,99,1554
SIM-SMOKE-UNCALIBRATED,100,0,1,trickle,1,1,0.045502,41,581
SIM-SMOKE-UNCALIBRATED,100,0,1,gradient,1,1,0.045502,5,122
SIM-SMOKE-UNCALIBRATED,100,1,2,flood,1,1,0.059414,99,1488
SIM-SMOKE-UNCALIBRATED,100,1,2,trickle,1,1,0.059414,41,532
SIM-SMOKE-UNCALIBRATED,100,1,2,gradient,1,1,0.100354,4,83
SIM-SMOKE-UNCALIBRATED,100,2,3,flood,1,1,0.045705,99,1418
SIM-SMOKE-UNCALIBRATED,100,2,3,trickle,1,1,0.045705,42,554
SIM-SMOKE-UNCALIBRATED,100,2,3,gradient,1,1,0.053683,2,35
SIM-SMOKE-UNCALIBRATED,100,3,4,flood,1,1,0.236723,99,1568
SIM-SMOKE-UNCALIBRATED,100,3,4,trickle,1,1,0.236723,42,540
SIM-SMOKE-UNCALIBRATED,100,3,4,gradient,1,0,,3,27
SIM-SMOKE-UNCALIBRATED,100,4,5,flood,1,1,0.032544,99,1420
SIM-SMOKE-UNCALIBRATED,100,4,5,trickle,1,1,0.032544,42,569
SIM-SMOKE-UNCALIBRATED,100,4,5,gradient,1,1,0.032544,6,96
SIM-SMOKE-UNCALIBRATED,100,5,6,flood,1,1,0.107636,99,1516
SIM-SMOKE-UNCALIBRATED,100,5,6,trickle,1,1,0.107636,40,524
SIM-SMOKE-UNCALIBRATED,100,5,6,gradient,1,1,0.107636,7,69
SIM-SMOKE-UNCALIBRATED,100,6,7,flood,1,1,0.000000,99,1480
SIM-SMOKE-UNCALIBRATED,100,6,7,trickle,1,1,0.000000,44,578
SIM-SMOKE-UNCALIBRATED,100,6,7,gradient,1,1,0.000000,1,20
SIM-SMOKE-UNCALIBRATED,100,7,8,flood,1,1,0.054276,99,1475
SIM-SMOKE-UNCALIBRATED,100,7,8,trickle,1,1,0.054276,44,549
SIM-SMOKE-UNCALIBRATED,100,7,8,gradient,1,1,0.084214,3,79
SIM-SMOKE-UNCALIBRATED,100,8,9,flood,1,1,0.111524,99,1467
SIM-SMOKE-UNCALIBRATED,100,8,9,trickle,1,1,0.111524,40,537
SIM-SMOKE-UNCALIBRATED,100,8,9,gradient,1,1,0.167774,14,232
SIM-SMOKE-UNCALIBRATED,100,9,10,flood,1,1,0.056366,99,1468
SIM-SMOKE-UNCALIBRATED,100,9,10,trickle,1,1,0.056366,42,548
SIM-SMOKE-UNCALIBRATED,100,9,10,gradient,1,1,0.094911,3,58
SIM-SMOKE-UNCALIBRATED,100,10,11,flood,1,1,0.015401,99,1627
SIM-SMOKE-UNCALIBRATED,100,10,11,trickle,1,1,0.015401,41,573
SIM-SMOKE-UNCALIBRATED,100,10,11,gradient,1,0,,1,23
SIM-SMOKE-UNCALIBRATED,100,11,12,flood,1,1,0.175357,99,1442
SIM-SMOKE-UNCALIBRATED,100,11,12,trickle,1,1,0.180766,45,585
SIM-SMOKE-UNCALIBRATED,100,11,12,gradient,1,1,0.175357,3,35
SIM-SMOKE-UNCALIBRATED,100,12,13,flood,1,1,0.046767,99,1621
SIM-SMOKE-UNCALIBRATED,100,12,13,trickle,1,1,0.046767,40,549
SIM-SMOKE-UNCALIBRATED,100,12,13,gradient,1,1,0.046767,16,319
SIM-SMOKE-UNCALIBRATED,100,13,14,flood,1,1,0.041751,99,1695
SIM-SMOKE-UNCALIBRATED,100,13,14,trickle,1,1,0.041751,37,552
SIM-SMOKE-UNCALIBRATED,100,13,14,gradient,1,1,0.044393,4,92
SIM-SMOKE-UNCALIBRATED,100,14,15,flood,1,1,0.045426,99,1498
SIM-SMOKE-UNCALIBRATED,100,14,15,trickle,1,1,0.045426,42,569
SIM-SMOKE-UNCALIBRATED,100,14,15,gradient,1,1,0.045426,13,198
SIM-SMOKE-UNCALIBRATED,100,15,16,flood,1,1,0.000000,99,1532
SIM-SMOKE-UNCALIBRATED,100,15,16,trickle,1,1,0.000000,42,558
SIM-SMOKE-UNCALIBRATED,100,15,16,gradient,1,1,0.000000,1,29
SIM-SMOKE-UNCALIBRATED,100,16,17,flood,1,1,0.066852,99,1549
SIM-SMOKE-UNCALIBRATED,100,16,17,trickle,1,1,0.066852,41,567
SIM-SMOKE-UNCALIBRATED,100,16,17,gradient,1,1,0.066852,11,217
SIM-SMOKE-UNCALIBRATED,100,17,18,flood,1,1,0.029217,99,1531
SIM-SMOKE-UNCALIBRATED,100,17,18,trickle,1,1,0.029217,39,538
SIM-SMOKE-UNCALIBRATED,100,17,18,gradient,1,0,,2,25
SIM-SMOKE-UNCALIBRATED,100,18,19,flood,1,1,0.028228,99,1512
SIM-SMOKE-UNCALIBRATED,100,18,19,trickle,1,1,0.028228,41,553
SIM-SMOKE-UNCALIBRATED,100,18,19,gradient,1,1,0.028228,2,33
SIM-SMOKE-UNCALIBRATED,100,19,20,flood,1,1,0.048807,99,1775
SIM-SMOKE-UNCALIBRATED,100,19,20,trickle,1,1,0.071991,37,554
SIM-SMOKE-UNCALIBRATED,100,19,20,gradient,1,1,0.048807,5,111
SIM-SMOKE-UNCALIBRATED,100,20,21,flood,1,1,0.016926,99,1509
SIM-SMOKE-UNCALIBRATED,100,20,21,trickle,1,1,0.016926,42,556
SIM-SMOKE-UNCALIBRATED,100,20,21,gradient,1,0,,1,20
SIM-SMOKE-UNCALIBRATED,100,21,22,flood,1,1,0.063536,99,1372
SIM-SMOKE-UNCALIBRATED,100,21,22,trickle,1,1,0.063536,42,543
SIM-SMOKE-UNCALIBRATED,100,21,22,gradient,1,1,0.063536,7,113
SIM-SMOKE-UNCALIBRATED,100,22,23,flood,1,1,0.000000,99,1454
SIM-SMOKE-UNCALIBRATED,100,22,23,trickle,1,1,0.000000,43,558
SIM-SMOKE-UNCALIBRATED,100,22,23,gradient,1,1,0.000000,1,18
SIM-SMOKE-UNCALIBRATED,100,23,24,flood,1,1,0.036955,99,1527
SIM-SMOKE-UNCALIBRATED,100,23,24,trickle,1,1,0.036955,43,578
SIM-SMOKE-UNCALIBRATED,100,23,24,gradient,1,1,0.036955,5,91
SIM-SMOKE-UNCALIBRATED,100,24,25,flood,1,1,0.000000,99,1601
SIM-SMOKE-UNCALIBRATED,100,24,25,trickle,1,1,0.000000,42,623
SIM-SMOKE-UNCALIBRATED,100,24,25,gradient,1,1,0.000000,1,17
SIM-SMOKE-UNCALIBRATED,100,25,26,flood,1,1,0.119399,99,1491
SIM-SMOKE-UNCALIBRATED,100,25,26,trickle,1,1,0.119399,40,532
SIM-SMOKE-UNCALIBRATED,100,25,26,gradient,1,1,0.119399,2,30
SIM-SMOKE-UNCALIBRATED,100,26,27,flood,1,1,0.024309,99,1323
SIM-SMOKE-UNCALIBRATED,100,26,27,trickle,1,1,0.024309,45,539
SIM-SMOKE-UNCALIBRATED,100,26,27,gradient,1,1,0.024309,8,136
SIM-SMOKE-UNCALIBRATED,100,27,28,flood,1,1,0.061156,99,1581
SIM-SMOKE-UNCALIBRATED,100,27,28,trickle,1,1,0.061156,39,557
SIM-SMOKE-UNCALIBRATED,100,27,28,gradient,1,1,0.061156,9,207
SIM-SMOKE-UNCALIBRATED,100,28,29,flood,1,1,0.000000,99,1597
SIM-SMOKE-UNCALIBRATED,100,28,29,trickle,1,1,0.000000,39,548
SIM-SMOKE-UNCALIBRATED,100,28,29,gradient,1,1,0.000000,1,23
SIM-SMOKE-UNCALIBRATED,100,29,30,flood,1,1,0.046042,99,1524
SIM-SMOKE-UNCALIBRATED,100,29,30,trickle,1,1,0.046042,41,570
SIM-SMOKE-UNCALIBRATED,100,29,30,gradient,1,1,0.075091,18,320
