strategy,n_nodes,n_sos,sf,start_mode,duration_s,beacon_interval_s,control_plane_mode,rx_policy,cell_label,n_seeds,mean_delivered,std_delivered,mean_pdr,std_pdr,mean_latency_p50,std_latency_p50,mean_latency_p95,std_latency_p95,mean_transmissions_per_delivered,std_transmissions_per_delivered,mean_airtime_total_s,std_airtime_total_s,mean_airtime_control_s,std_airtime_control_s,mean_airtime_data_s,std_airtime_data_s,mean_control_airtime_ratio,std_control_airtime_ratio,mean_duplicate_ratio,std_duplicate_ratio,mean_jain_fairness,std_jain_fairness,mean_deferred_count,std_deferred_count,mean_collisions,std_collisions,mean_reconvergence_s,std_reconvergence_s,mean_total_transmissions,std_total_transmissions,mean_data_transmissions,std_data_transmissions,mean_control_transmissions,std_control_transmissions,mean_beacon_receptions,std_beacon_receptions,mean_data_receptions,std_data_receptions,mean_missed_due_to_sleep,std_missed_due_to_sleep,mean_hop_learned_fraction,std_hop_learned_fraction,mean_mean_awake_fraction,std_mean_awake_fraction,mean_link_failures,std_link_failures,mean_mean_link_delay_s,std_mean_link_delay_s,evidence
gradient,100,20,9,warm,300.0,60.0,node_hello,continuous,beacon60s|node_hello,20,12.0,2.0976176963403033,0.6,0.10488088481701514,0.2672639999999987,3.623071274882353e-15,0.2672640000000115,0.0,1.716227236815472,0.28865410924980206,98.94400000000027,0.0,93.59872000000027,0.0,5.34528,0.0,0.9459767141009057,0.0,0.0,0.0,0.6,0.10488088481701514,0.0,0.0,507.0,0.0,0.0,0.0,525.0,0.0,20.0,0.0,505.0,0.0,0.0,0.0,1200.1,52.2665284862119,0.0,0.0,0.0,0.0,1.0,0.0,0.0,0.0,0.0,0.0,SIM
gradient,100,20,9,warm,300.0,60.0,gateway_beacon,continuous,beacon60s|gateway_beacon,20,13.05,1.4654350889752845,0.6525000000000001,0.07327175444876421,0.26726399999999906,4.4230928601467425e-15,0.4392261082814624,0.4225104999764716,10.933395770895771,5.6297009234939,38.07641599999996,17.07480232719518,0.9267199999999999,0.0,37.14969599999996,17.07480232719518,0.03016573597886535,0.014289556130839183,0.04724945638763434,0.03748472188653094,0.6525000000000001,0.07327175444876421,0.0,0.0,119.5,63.537784034383826,0.0,0.0,144.0,63.887400948856886,139.0,63.887400948856886,5.0,0.0,350.05,28.315146123585517,1293.55,75.70764492440641,0.0,0.0,0.6910000000000001,0.06556675987114202,1.0,0.0,0.0,0.0,0.0,0.0,SIM
gradient,100,20,9,warm,300.0,60.0,adaptive_gateway,continuous,beacon60s|adaptive_gateway,20,16.35,1.7965244223221681,0.8175000000000001,0.0898262211161084,0.2672639999999998,4.645775970367801e-15,0.9262197109121679,0.8275248775189823,16.994227043381454,4.768778735101286,74.25756159999965,21.983381939253672,0.18534399999999998,0.0,74.07221759999965,21.983381939253672,0.0027917665309201652,0.0010870737449750407,0.1413841596409827,0.073683395092161,0.8175000000000001,0.0898262211161084,0.0,0.0,251.8,80.27614838792404,0.0,0.0,278.15,82.25343457874571,277.15,82.25343457874571,1.0,0.0,69.1,6.556675987114202,1685.45,228.51268564348894,0.0,0.0,0.6910000000000001,0.06556675987114202,1.0,0.0,0.0,0.0,0.0,0.0,SIM
gradient,100,20,9,warm,1000.0,300.0,node_hello,continuous,beacon300s|node_hello,20,12.75,2.1880356487041066,0.6375,0.10940178243520532,0.26726399999999834,3.389072849618009e-15,0.2672640000000115,0.0,1.6166680541680543,0.2871909383793723,80.22425600000021,0.0,74.87897600000021,0.0,5.34528,0.0,0.9333707750433986,0.0,0.0,0.0,0.6375,0.10940178243520532,0.0,0.0,404.95,0.21794494717703367,0.0,0.0,424.0,0.0,20.0,0.0,404.0,0.0,0.0,0.0,1275.4,55.16103697357402,0.0,0.0,0.0,0.0,1.0,0.0,0.0,0.0,0.0,0.0,SIM
gradient,100,20,9,warm,1000.0,300.0,gateway_beacon,continuous,beacon300s|gateway_beacon,20,14.2,2.1118712081942874,0.71,0.10559356040971438,0.26726400000000294,6.5893022561849815e-15,1.2902759659268603,1.0299154264014017,19.03603689202954,7.3925588064998315,70.51064319999969,21.97073862508017,0.7413759999999999,0.0,69.76926719999969,21.97073862508017,0.01169385262062278,0.004133293587472739,0.1476276749680518,0.08889157860492745,0.71,0.10559356040971438,0.0,0.0,236.9,80.42816670793883,0.0,0.0,265.05,82.20612811706923,261.05,82.20612811706923,4.0,0.0,278.35,22.62802465970019,1615.1,230.20662457887695,0.0,0.0,0.0,0.0,1.0,0.0,0.0,0.0,0.0,0.0,SIM
gradient,100,20,9,warm,1000.0,300.0,adaptive_gateway,continuous,beacon300s|adaptive_gateway,20,14.2,2.1118712081942874,0.71,0.10559356040971438,0.26726400000000294,6.5893022561849815e-15,1.2902759659268603,1.0299154264014017,19.03603689202954,7.3925588064998315,69.95461119999969,21.97073862508017,0.18534399999999998,0.0,69.76926719999969,21.97073862508017,0.0029526315726430565,0.001055725274587053,0.1476276749680518,0.08889157860492745,0.71,0.10559356040971438,0.0,0.0,236.9,80.42816670793883,0.0,0.0,262.05,82.20612811706923,261.05,82.20612811706923,1.0,0.0,69.1,6.556675987114202,1615.1,230.20662457887695,0.0,0.0,0.0,0.0,1.0,0.0,0.0,0.0,0.0,0.0,SIM
gradient,100,20,9,warm,8000.0,3600.0,node_hello,continuous,beacon3600s|node_hello,20,12.95,2.011839953873071,0.6475,0.10059199769365355,0.26726399999999834,2.537145046425895e-15,0.2672640000000115,0.0,1.5822265153147508,0.24903389100624257,61.50451200000016,0.0,56.15923200000016,0.0,5.34528,0.0,0.9130912541831078,0.0,0.0,0.0,0.6475,0.10059199769365355,0.0,0.0,303.0,0.0,0.0,0.0,323.0,0.0,20.0,0.0,303.0,0.0,0.0,0.0,1332.6,49.43116425899758,0.0,0.0,0.0,0.0,1.0,0.0,0.0,0.0,0.0,0.0,SIM
gradient,100,20,9,warm,8000.0,3600.0,gateway_beacon,continuous,beacon3600s|gateway_beacon,20,14.15,1.3518505834595775,0.7075,0.06759252917297888,0.26726399999999834,3.389072849618009e-15,0.2672640000000115,0.0,1.4271728271728272,0.1450141408504135,5.901312,0.0,0.556032,0.0,5.34528,0.0,0.09422175950026028,0.0,0.0,0.0,0.7075,0.06759252917297888,0.0,0.0,0.0,0.0,0.0,0.0,23.0,0.0,20.0,0.0,3.0,0.0,208.5,19.599744896299033,1326.2,47.37151042557119,0.0,0.0,0.0,0.0,1.0,0.0,0.0,0.0,0.0,0.0,SIM
gradient,100,20,9,warm,8000.0,3600.0,adaptive_gateway,continuous,beacon3600s|adaptive_gateway,20,14.15,1.3518505834595775,0.7075,0.06759252917297888,0.26726399999999834,3.389072849618009e-15,0.2672640000000115,0.0,1.4271728271728272,0.1450141408504135,5.5306239999999995,0.0,0.18534399999999998,0.0,5.34528,0.0,0.033512312534715795,0.0,0.0,0.0,0.7075,0.06759252917297888,0.0,0.0,0.0,0.0,0.0,0.0,21.0,0.0,20.0,0.0,1.0,0.0,69.45,7.459725196010909,1326.2,47.37151042557119,0.0,0.0,0.0,0.0,1.0,0.0,0.0,0.0,0.0,0.0,SIM
gradient,100,20,9,warm,23000.0,10800.0,node_hello,continuous,beacon10800s|node_hello,20,12.95,2.011839953873071,0.6475,0.10059199769365355,0.26726399999999834,2.537145046425895e-15,0.2672640000000115,0.0,1.5822265153147508,0.24903389100624257,42.78476800000009,0.0,37.43948800000009,0.0,5.34528,0.0,0.8750658178162848,0.0,0.0,0.0,0.6475,0.10059199769365355,0.0,0.0,202.0,0.0,0.0,0.0,222.0,0.0,20.0,0.0,202.0,0.0,0.0,0.0,1332.6,49.43116425899758,0.0,0.0,0.0,0.0,1.0,0.0,0.0,0.0,0.0,0.0,SIM
gradient,100,20,9,warm,23000.0,10800.0,gateway_beacon,continuous,beacon10800s|gateway_beacon,20,14.15,1.3518505834595775,0.7075,0.06759252917297888,0.26726399999999834,3.389072849618009e-15,0.2672640000000115,0.0,1.4271728271728272,0.1450141408504135,5.715968,0.0,0.37068799999999996,0.0,5.34528,0.0,0.06485130777499104,0.0,0.0,0.0,0.7075,0.06759252917297888,0.0,0.0,0.0,0.0,0.0,0.0,22.0,0.0,20.0,0.0,2.0,0.0,139.1,13.453252394867198,1326.2,47.37151042557119,0.0,0.0,0.0,0.0,1.0,0.0,0.0,0.0,0.0,0.0,SIM
gradient,100,20,9,warm,23000.0,10800.0,adaptive_gateway,continuous,beacon10800s|adaptive_gateway,20,14.15,1.3518505834595775,0.7075,0.06759252917297888,0.26726399999999834,3.389072849618009e-15,0.2672640000000115,0.0,1.4271728271728272,0.1450141408504135,5.5306239999999995,0.0,0.18534399999999998,0.0,5.34528,0.0,0.033512312534715795,0.0,0.0,0.0,0.7075,0.06759252917297888,0.0,0.0,0.0,0.0,0.0,0.0,21.0,0.0,20.0,0.0,1.0,0.0,69.45,7.459725196010909,1326.2,47.37151042557119,0.0,0.0,0.0,0.0,1.0,0.0,0.0,0.0,0.0,0.0,SIM
