strategy,n_nodes,n_sos,sf,start_mode,duration_s,beacon_interval_s,control_plane_mode,rx_policy,cell_label,seed,delivered,pdr,latency_p50,latency_p95,transmissions_per_delivered,airtime_total_s,airtime_control_s,airtime_data_s,control_airtime_ratio,duplicate_ratio,jain_fairness,deferred_count,collisions,reconvergence_s,total_transmissions,data_transmissions,control_transmissions,total_sos,beacon_receptions,data_receptions,missed_due_to_sleep,hop_learned_fraction,mean_awake_fraction,link_failures,mean_link_delay_s,control_mode,per_source_delivered,evidence
flood,50,20,9,warm,240.0,60.0,node_hello,continuous,delay0.000|drop0.00,0,16,0.8,0.2672639999999973,0.2672640000000115,45.6875,233.1801600000021,37.81017600000009,195.369984000002,0.16215005599104035,0.18327605956471935,0.8,0,910,0.0,935,731,204,20,0,873,0,0.0,1.0,0,0.0,node_hello,0:1;10:1;11:1;16:1;17:0;19:1;21:1;22:1;24:1;26:0;28:1;30:1;32:1;33:1;36:1;38:1;42:0;46:1;7:0;9:1,SIM
flood,50,20,9,warm,240.0,60.0,node_hello,continuous,delay0.000|drop0.00,1,10,0.5,0.2672640000000044,1.5239519234524666,75.5,239.59449600000238,37.81017600000009,201.78432000000228,0.15780903414408867,0.16761041902604756,0.5,0,933,0.0,959,755,204,20,0,883,0,0.0,1.0,0,0.0,node_hello,1:0;10:1;14:0;19:1;20:0;25:1;27:1;28:1;3:0;32:0;33:1;34:1;4:0;40:1;41:0;42:1;43:0;44:1;45:0;48:0,SIM
flood,50,20,9,warm,240.0,60.0,node_hello,continuous,delay0.000|drop0.00,2,11,0.55,0.2672639999999973,0.40717621875145227,65.72727272727273,231.042048000002,37.81017600000009,193.2318720000019,0.16365062691964954,0.11904761904761904,0.55,0,903,0.0,927,723,204,20,0,798,0,0.0,1.0,0,0.0,node_hello,0:1;14:1;15:1;16:0;17:1;2:0;23:1;27:1;28:1;29:1;32:0;37:0;39:0;4:0;40:0;42:0;46:1;47:0;5:1;6:1,SIM
flood,50,20,9,warm,240.0,60.0,node_hello,continuous,delay0.000|drop0.00,3,19,0.95,0.2672639999999973,0.305895029644899,38.31578947368421,232.37836800000207,37.81017600000009,194.56819200000197,0.162709534133572,0.14285714285714285,0.95,0,907,0.0,932,728,204,20,0,826,0,0.0,1.0,0,0.0,node_hello,10:1;11:1;12:1;13:1;14:1;17:1;2:0;20:1;21:1;25:1;28:1;33:1;36:1;40:1;41:1;45:1;48:1;49:1;5:1;7:1,SIM
flood,50,20,9,warm,240.0,60.0,node_hello,continuous,delay0.000|drop0.00,4,12,0.6,0.2672640000000115,1.18741052288931,54.5,212.60083200000122,37.81017600000009,174.79065600000112,0.17784585151576393,0.20251572327044026,0.6,0,834,0.0,858,654,204,20,0,795,0,0.0,1.0,0,0.0,node_hello,10:1;12:1;13:0;17:1;18:0;2:0;21:1;25:0;26:0;29:1;3:0;31:1;33:1;39:0;4:1;41:0;42:1;43:1;44:1;8:1,SIM
flood,50,20,9,warm,240.0,60.0,node_hello,continuous,delay0.000|drop0.00,5,10,0.5,0.2672640000000044,0.5881892798674051,68.5,220.88601600000158,37.81017600000009,183.07584000000148,0.17117505528281077,0.23183391003460208,0.5,0,861,0.0,889,685,204,20,0,867,0,0.0,1.0,0,0.0,node_hello,0:1;11:1;16:0;17:0;18:0;20:1;21:0;22:1;29:1;30:0;32:0;33:1;35:0;37:1;41:0;44:1;45:1;46:0;49:0;8:1,SIM
flood,50,20,9,warm,240.0,60.0,node_hello,continuous,delay0.000|drop0.00,6,16,0.8,0.2672639999999973,0.2672640000000115,43.375,223.29139200000168,37.81017600000009,185.48121600000158,0.16933109539663674,0.04397163120567376,0.8,0,876,0.0,898,694,204,20,0,705,0,0.0,1.0,0,0.0,node_hello,1:1;10:1;12:1;16:1;24:0;28:0;29:1;30:1;31:0;35:1;37:1;39:1;4:1;40:1;42:1;44:1;45:0;46:1;5:1;8:1,SIM
flood,50,20,9,warm,240.0,60.0,node_hello,continuous,delay0.000|drop0.00,7,13,0.65,0.2672639999999973,0.42760865452446467,57.38461538461539,237.18912000000228,37.81017600000009,199.37894400000218,0.15940940292708083,0.11678832116788321,0.65,0,925,0.0,950,746,204,20,0,822,0,0.0,1.0,0,0.0,node_hello,1:1;10:0;14:1;16:0;19:1;21:1;22:0;23:0;32:1;33:0;34:1;41:1;42:1;43:1;44:1;45:0;48:0;49:1;5:1;9:1,SIM
flood,50,20,9,warm,240.0,60.0,node_hello,continuous,delay0.000|drop0.00,8,8,0.4,0.2672640000000115,1.8544117339701907,82.75,214.7389440000013,37.81017600000009,176.9287680000012,0.1760750765357208,0.10957004160887657,0.4,0,845,0.0,866,662,204,20,0,721,0,0.0,1.0,0,0.0,node_hello,0:0;14:0;18:0;19:0;20:0;22:0;23:0;25:1;26:0;33:1;35:0;38:0;39:1;40:0;41:1;44:1;45:1;46:1;48:0;5:1,SIM
flood,50,20,9,warm,240.0,60.0,node_hello,continuous,delay0.000|drop0.00,9,17,0.85,0.2672639999999973,0.2672640000000115,41.64705882352941,227.03308800000184,37.81017600000009,189.22291200000174,0.16654037670491353,0.09711286089238845,0.85,0,888,0.0,912,708,204,20,0,762,0,0.0,1.0,0,0.0,node_hello,0:1;1:1;11:1;12:1;14:1;16:1;17:1;24:1;27:1;29:1;30:0;34:1;35:0;37:1;4:1;41:1;44:0;45:1;49:1;5:1,SIM
flood,50,20,9,warm,240.0,60.0,node_hello,continuous,delay0.000|drop0.00,10,14,0.7,0.2672640000000044,0.3690501240921995,50.92857142857143,228.3694080000019,37.81017600000009,190.5592320000018,0.16556585372415458,0.08333333333333333,0.7,0,896,0.0,917,713,204,20,0,756,0,0.0,1.0,0,0.0,node_hello,0:0;12:1;13:1;17:0;23:0;24:1;26:1;27:1;28:0;33:1;35:0;38:1;4:1;42:1;44:1;46:1;47:1;48:1;49:0;7:1,SIM
flood,50,20,9,warm,240.0,60.0,node_hello,continuous,delay0.000|drop0.00,11,17,0.85,0.2672639999999973,0.2672640000000115,40.23529411764706,220.61875200000156,37.81017600000009,182.80857600000147,0.17138242174445725,0.030656934306569343,0.85,0,867,0.0,888,684,204,20,0,685,0,0.0,1.0,0,0.0,node_hello,1:1;19:0;2:1;20:1;22:1;23:1;28:1;30:1;31:1;34:1;38:1;4:0;40:0;41:1;42:1;44:1;45:1;48:1;49:1;8:1,SIM
flood,50,20,9,warm,240.0,60.0,node_hello,continuous,delay0.000|drop0.00,12,12,0.6,0.2672639999999973,0.40108466315404434,58.5,225.42950400000177,37.81017600000009,187.61932800000167,0.1677250551906453,0.056708160442600276,0.6,0,882,0.0,906,702,204,20,73,723,0,0.0,1.0,0,0.0,node_hello,10:1;12:1;13:1;15:1;17:1;19:0;22:1;24:0;25:1;26:1;31:1;34:1;39:0;4:0;40:0;42:0;45:0;46:1;6:1;7:0,SIM
flood,50,20,9,warm,240.0,60.0,node_hello,continuous,delay0.000|drop0.00,13,13,0.65,0.2672639999999973,0.40400429763893675,52.76923076923077,221.1532800000016,37.81017600000009,183.3431040000015,0.17096819002639174,0.20902612826603326,0.65,0,866,0.0,890,686,204,20,0,842,0,0.0,1.0,0,0.0,node_hello,10:1;18:0;2:0;20:0;22:1;23:1;27:1;28:0;3:1;31:0;34:0;35:1;37:1;42:1;43:1;47:1;48:0;49:1;6:1;8:1,SIM
flood,50,20,9,warm,240.0,60.0,node_hello,continuous,delay0.000|drop0.00,14,16,0.8,0.2672639999999973,0.7547361405141402,49.0,247.3451520000027,37.81017600000009,209.53497600000262,0.15286402702568302,0.2413108242303873,0.8,0,958,0.0,988,784,204,20,0,1007,0,0.0,1.0,0,0.0,node_hello,0:1;10:1;19:1;2:1;23:1;24:1;27:1;28:1;3:1;34:0;4:1;41:0;43:1;44:0;45:1;47:1;49:0;6:1;7:1;8:1,SIM
flood,50,20,9,warm,240.0,60.0,node_hello,continuous,delay0.000|drop0.00,15,15,0.75,0.2672640000000115,2.341938559031044,47.4,227.83488000000187,37.81017600000009,190.02470400000178,0.16595429110766438,0.2537634408602151,0.75,0,883,0.0,915,711,204,20,117,930,0,0.0,1.0,0,0.0,node_hello,1:0;10:1;11:1;13:1;17:1;21:1;22:1;26:0;29:1;3:1;33:0;36:1;38:1;39:1;42:0;43:1;45:1;46:1;48:0;8:1,SIM
flood,50,20,9,warm,240.0,60.0,node_hello,continuous,delay0.000|drop0.00,16,11,0.55,0.2672640000000115,1.1501873313631137,62.54545454545455,221.6878080000016,37.81017600000009,183.8776320000015,0.17055595587827643,0.2330654420206659,0.55,0,865,0.0,892,688,204,20,0,871,0,0.0,1.0,0,0.0,node_hello,1:1;13:1;14:1;17:0;22:0;3:1;30:1;32:1;33:0;34:0;37:1;4:0;40:0;41:1;42:0;44:1;45:1;46:0;49:1;9:0,SIM
flood,50,20,9,warm,240.0,60.0,node_hello,continuous,delay0.000|drop0.00,17,16,0.8,0.2672639999999973,0.34742061328346807,43.875,225.42950400000177,37.81017600000009,187.61932800000167,0.1677250551906453,0.1668696711327649,0.8,0,880,0.0,906,702,204,20,0,821,0,0.0,1.0,0,0.0,node_hello,0:1;1:1;13:1;14:1;17:0;19:1;21:1;27:1;29:0;3:1;30:1;33:0;34:1;40:1;43:1;46:1;48:1;49:0;6:1;7:1,SIM
flood,50,20,9,warm,240.0,60.0,node_hello,continuous,delay0.000|drop0.00,18,17,0.85,0.2672639999999973,0.2672640000000115,44.1764705882353,238.52544000000233,37.81017600000009,200.71526400000224,0.15851632429647639,0.16247139588100687,0.85,0,930,0.0,955,751,204,20,0,874,0,0.0,1.0,0,0.0,node_hello,10:1;14:1;20:1;21:1;23:1;24:1;25:1;29:1;31:1;32:1;33:0;34:0;35:1;36:1;4:1;44:1;45:0;47:1;48:1;5:1,SIM
flood,50,20,9,warm,240.0,60.0,node_hello,continuous,delay0.000|drop0.00,19,11,0.55,0.2672639999999973,1.262086488591379,60.18181818181818,214.7389440000013,37.81017600000009,176.9287680000012,0.1760750765357208,0.11570247933884298,0.55,0,844,0.0,866,662,204,20,0,726,0,0.0,1.0,0,0.0,node_hello,12:0;15:1;17:1;18:1;2:1;20:1;27:1;28:0;34:0;37:0;39:0;4:1;40:1;41:1;43:0;45:0;47:1;7:0;8:0;9:1,SIM
flood,50,20,9,warm,240.0,60.0,node_hello,continuous,delay0.000|drop0.01,0,16,0.8,0.2672639999999973,0.2672640000000115,45.6875,233.1801600000021,37.81017600000009,195.369984000002,0.16215005599104035,0.18327605956471935,0.8,0,910,0.0,935,731,204,20,0,873,0,0.0,1.0,0,0.0,node_hello,0:1;10:1;11:1;16:1;17:0;19:1;21:1;22:1;24:1;26:0;28:1;30:1;32:1;33:1;36:1;38:1;42:0;46:1;7:0;9:1,SIM
flood,50,20,9,warm,240.0,60.0,node_hello,continuous,delay0.000|drop0.01,1,10,0.5,0.2672640000000044,1.5239519234524666,75.4,239.32723200000237,37.81017600000009,201.51705600000227,0.15798526429286458,0.16780045351473924,0.5,0,932,0.0,958,754,204,20,0,882,0,0.0,1.0,1,0.0,node_hello,1:0;10:1;14:0;19:1;20:0;25:1;27:1;28:1;3:0;32:0;33:1;34:1;4:0;40:1;41:0;42:1;43:0;44:1;45:0;48:0,SIM
flood,50,20,9,warm,240.0,60.0,node_hello,continuous,delay0.000|drop0.01,2,11,0.55,0.2672639999999973,0.40717621875145227,65.72727272727273,231.042048000002,37.81017600000009,193.2318720000019,0.16365062691964954,0.11904761904761904,0.55,0,903,0.0,927,723,204,20,0,798,0,0.0,1.0,0,0.0,node_hello,0:1;14:1;15:1;16:0;17:1;2:0;23:1;27:1;28:1;29:1;32:0;37:0;39:0;4:0;40:0;42:0;46:1;47:0;5:1;6:1,SIM
flood,50,20,9,warm,240.0,60.0,node_hello,continuous,delay0.000|drop0.01,3,19,0.95,0.2672639999999973,0.305895029644899,38.31578947368421,232.37836800000207,37.81017600000009,194.56819200000197,0.162709534133572,0.14285714285714285,0.95,0,907,0.0,932,728,204,20,0,826,0,0.0,1.0,0,0.0,node_hello,10:1;11:1;12:1;13:1;14:1;17:1;2:0;20:1;21:1;25:1;28:1;33:1;36:1;40:1;41:1;45:1;48:1;49:1;5:1;7:1,SIM
flood,50,20,9,warm,240.0,60.0,node_hello,continuous,delay0.000|drop0.01,4,12,0.6,0.2672640000000115,1.18741052288931,54.5,212.60083200000122,37.81017600000009,174.79065600000112,0.17784585151576393,0.20251572327044026,0.6,0,834,0.0,858,654,204,20,0,795,0,0.0,1.0,0,0.0,node_hello,10:1;12:1;13:0;17:1;18:0;2:0;21:1;25:0;26:0;29:1;3:0;31:1;33:1;39:0;4:1;41:0;42:1;43:1;44:1;8:1,SIM
flood,50,20,9,warm,240.0,60.0,node_hello,continuous,delay0.000|drop0.01,5,10,0.5,0.2672640000000044,0.5881892798674051,68.5,220.88601600000158,37.81017600000009,183.07584000000148,0.17117505528281077,0.23183391003460208,0.5,0,861,0.0,889,685,204,20,0,867,0,0.0,1.0,0,0.0,node_hello,0:1;11:1;16:0;17:0;18:0;20:1;21:0;22:1;29:1;30:0;32:0;33:1;35:0;37:1;41:0;44:1;45:1;46:0;49:0;8:1,SIM
flood,50,20,9,warm,240.0,60.0,node_hello,continuous,delay0.000|drop0.01,6,16,0.8,0.2672639999999973,0.2672640000000115,43.375,223.29139200000168,37.81017600000009,185.48121600000158,0.16933109539663674,0.04397163120567376,0.8,0,876,0.0,898,694,204,20,0,705,0,0.0,1.0,0,0.0,node_hello,1:1;10:1;12:1;16:1;24:0;28:0;29:1;30:1;31:0;35:1;37:1;39:1;4:1;40:1;42:1;44:1;45:0;46:1;5:1;8:1,SIM
flood,50,20,9,warm,240.0,60.0,node_hello,continuous,delay0.000|drop0.01,7,13,0.65,0.2672639999999973,0.42760865452446467,57.38461538461539,237.18912000000228,37.81017600000009,199.37894400000218,0.15940940292708083,0.11678832116788321,0.65,0,925,0.0,950,746,204,20,0,822,0,0.0,1.0,0,0.0,node_hello,1:1;10:0;14:1;16:0;19:1;21:1;22:0;23:0;32:1;33:0;34:1;41:1;42:1;43:1;44:1;45:0;48:0;49:1;5:1;9:1,SIM
flood,50,20,9,warm,240.0,60.0,node_hello,continuous,delay0.000|drop0.01,8,8,0.4,0.2672640000000115,1.8544117339701907,82.75,214.7389440000013,37.81017600000009,176.9287680000012,0.1760750765357208,0.10957004160887657,0.4,0,845,0.0,866,662,204,20,0,721,0,0.0,1.0,0,0.0,node_hello,0:0;14:0;18:0;19:0;20:0;22:0;23:0;25:1;26:0;33:1;35:0;38:0;39:1;40:0;41:1;44:1;45:1;46:1;48:0;5:1,SIM
flood,50,20,9,warm,240.0,60.0,node_hello,continuous,delay0.000|drop0.01,9,17,0.85,0.2672639999999973,0.2672640000000115,41.64705882352941,227.03308800000184,37.81017600000009,189.22291200000174,0.16654037670491353,0.09711286089238845,0.85,0,888,0.0,912,708,204,20,0,762,0,0.0,1.0,0,0.0,node_hello,0:1;1:1;11:1;12:1;14:1;16:1;17:1;24:1;27:1;29:1;30:0;34:1;35:0;37:1;4:1;41:1;44:0;45:1;49:1;5:1,SIM
flood,50,20,9,warm,240.0,60.0,node_hello,continuous,delay0.000|drop0.01,10,14,0.7,0.2672640000000044,0.3690501240921995,50.92857142857143,228.3694080000019,37.81017600000009,190.5592320000018,0.16556585372415458,0.08333333333333333,0.7,0,896,0.0,917,713,204,20,0,756,0,0.0,1.0,0,0.0,node_hello,0:0;12:1;13:1;17:0;23:0;24:1;26:1;27:1;28:0;33:1;35:0;38:1;4:1;42:1;44:1;46:1;47:1;48:1;49:0;7:1,SIM
flood,50,20,9,warm,240.0,60.0,node_hello,continuous,delay0.000|drop0.01,11,17,0.85,0.2672639999999973,0.2672640000000115,40.23529411764706,220.61875200000156,37.81017600000009,182.80857600000147,0.17138242174445725,0.030656934306569343,0.85,0,867,0.0,888,684,204,20,0,685,0,0.0,1.0,0,0.0,node_hello,1:1;19:0;2:1;20:1;22:1;23:1;28:1;30:1;31:1;34:1;38:1;4:0;40:0;41:1;42:1;44:1;45:1;48:1;49:1;8:1,SIM
flood,50,20,9,warm,240.0,60.0,node_hello,continuous,delay0.000|drop0.01,12,12,0.6,0.2672639999999973,0.40108466315404434,58.5,225.42950400000177,37.81017600000009,187.61932800000167,0.1677250551906453,0.056708160442600276,0.6,0,882,0.0,906,702,204,20,73,723,0,0.0,1.0,0,0.0,node_hello,10:1;12:1;13:1;15:1;17:1;19:0;22:1;24:0;25:1;26:1;31:1;34:1;39:0;4:0;40:0;42:0;45:0;46:1;6:1;7:0,SIM
flood,50,20,9,warm,240.0,60.0,node_hello,continuous,delay0.000|drop0.01,13,13,0.65,0.2672639999999973,0.40400429763893675,52.69230769230769,220.88601600000158,37.81017600000009,183.07584000000148,0.17117505528281077,0.20927467300832342,0.65,0,865,0.0,889,685,204,20,0,841,0,0.0,1.0,1,0.0,node_hello,10:1;18:0;2:0;20:0;22:1;23:1;27:1;28:0;3:1;31:0;34:0;35:1;37:1;42:1;43:1;47:1;48:0;49:1;6:1;8:1,SIM
flood,50,20,9,warm,240.0,60.0,node_hello,continuous,delay0.000|drop0.01,14,16,0.8,0.2672640000000044,0.7186511642439299,44.125,226.49856000000182,37.81017600000009,188.68838400000172,0.16693340566933312,0.16117216117216118,0.8,0,885,0.0,910,706,204,20,0,819,0,0.0,1.0,2,0.0,node_hello,0:1;10:1;19:1;2:1;23:1;24:1;27:1;28:1;3:0;34:1;4:1;41:1;43:1;44:1;45:1;47:1;49:0;6:0;7:0;8:1,SIM
flood,50,20,9,warm,240.0,60.0,node_hello,continuous,delay0.000|drop0.01,15,15,0.75,0.2672640000000115,2.341938559031044,47.4,227.83488000000187,37.81017600000009,190.02470400000178,0.16595429110766438,0.2537634408602151,0.75,0,883,0.0,915,711,204,20,117,930,0,0.0,1.0,0,0.0,node_hello,1:0;10:1;11:1;13:1;17:1;21:1;22:1;26:0;29:1;3:1;33:0;36:1;38:1;39:1;42:0;43:1;45:1;46:1;48:0;8:1,SIM
flood,50,20,9,warm,240.0,60.0,node_hello,continuous,delay0.000|drop0.01,16,11,0.55,0.2672640000000115,1.1501873313631137,62.54545454545455,221.6878080000016,37.81017600000009,183.8776320000015,0.17055595587827643,0.2330654420206659,0.55,0,865,0.0,892,688,204,20,0,871,0,0.0,1.0,0,0.0,node_hello,1:1;13:1;14:1;17:0;22:0;3:1;30:1;32:1;33:0;34:0;37:1;4:0;40:0;41:1;42:0;44:1;45:1;46:0;49:1;9:0,SIM
flood,50,20,9,warm,240.0,60.0,node_hello,continuous,delay0.000|drop0.01,17,16,0.8,0.2672639999999973,0.34742061328346807,43.875,225.42950400000177,37.81017600000009,187.61932800000167,0.1677250551906453,0.1668696711327649,0.8,0,880,0.0,906,702,204,20,0,821,0,0.0,1.0,0,0.0,node_hello,0:1;1:1;13:1;14:1;17:0;19:1;21:1;27:1;29:0;3:1;30:1;33:0;34:1;40:1;43:1;46:1;48:1;49:0;6:1;7:1,SIM
flood,50,20,9,warm,240.0,60.0,node_hello,continuous,delay0.000|drop0.01,18,17,0.85,0.2672639999999973,0.2672640000000115,44.1764705882353,238.52544000000233,37.81017600000009,200.71526400000224,0.15851632429647639,0.16247139588100687,0.85,0,930,0.0,955,751,204,20,0,874,0,0.0,1.0,0,0.0,node_hello,10:1;14:1;20:1;21:1;23:1;24:1;25:1;29:1;31:1;32:1;33:0;34:0;35:1;36:1;4:1;44:1;45:0;47:1;48:1;5:1,SIM
flood,50,20,9,warm,240.0,60.0,node_hello,continuous,delay0.000|drop0.01,19,11,0.55,0.2672639999999973,1.262086488591379,60.18181818181818,214.7389440000013,37.81017600000009,176.9287680000012,0.1760750765357208,0.11570247933884298,0.55,0,844,0.0,866,662,204,20,0,726,0,0.0,1.0,0,0.0,node_hello,12:0;15:1;17:1;18:1;2:1;20:1;27:1;28:0;34:0;37:0;39:0;4:1;40:1;41:1;43:0;45:0;47:1;7:0;8:0;9:1,SIM
flood,50,20,9,warm,240.0,60.0,node_hello,continuous,delay0.000|drop0.10,0,16,0.8,0.2672640000000044,0.5457513254482329,49.375,248.94873600000278,37.81017600000009,211.13856000000268,0.15187936523606077,0.23686818632309217,0.8,0,965,0.0,994,790,204,20,0,1009,0,0.0,1.0,2,0.0,node_hello,0:1;10:1;11:1;16:0;17:1;19:1;21:0;22:1;24:1;26:0;28:1;30:1;32:1;33:0;36:1;38:1;42:1;46:1;7:1;9:1,SIM
flood,50,20,9,warm,240.0,60.0,node_hello,continuous,delay0.000|drop0.10,1,11,0.55,0.2672639999999973,0.4152772008270915,68.0,237.7236480000023,37.81017600000009,199.9134720000022,0.1590509666080832,0.10123456790123457,0.55,0,928,0.0,952,748,204,20,0,810,0,0.0,1.0,2,0.0,node_hello,1:1;10:1;14:0;19:1;20:0;25:1;27:1;28:0;3:1;32:1;33:1;34:1;4:0;40:1;41:0;42:0;43:0;44:1;45:0;48:0,SIM
flood,50,20,9,warm,240.0,60.0,node_hello,continuous,delay0.000|drop0.10,2,11,0.55,0.2672640000000115,0.9634131744206584,64.18181818181819,226.49856000000182,37.81017600000009,188.68838400000172,0.16693340566933312,0.0653950953678474,0.55,0,887,0.0,910,706,204,20,0,734,0,0.0,1.0,3,0.0,node_hello,0:0;14:1;15:1;16:1;17:0;2:1;23:0;27:0;28:0;29:1;32:1;37:0;39:1;4:0;40:1;42:0;46:1;47:0;5:1;6:1,SIM
flood,50,20,9,warm,240.0,60.0,node_hello,continuous,delay0.000|drop0.10,3,19,0.95,0.2672639999999973,0.305895029644899,38.1578947368421,231.57657600000204,37.81017600000009,193.76640000000194,0.16327288645981086,0.1433778857837181,0.95,0,904,0.0,929,725,204,20,0,823,0,0.0,1.0,3,0.0,node_hello,10:1;11:1;12:1;13:1;14:1;17:1;2:0;20:1;21:1;25:1;28:1;33:1;36:1;40:1;41:1;45:1;48:1;49:1;5:1;7:1,SIM
flood,50,20,9,warm,240.0,60.0,node_hello,continuous,delay0.000|drop0.10,4,12,0.6,0.2672640000000115,1.18741052288931,54.416666666666664,212.3335680000012,37.81017600000009,174.5233920000011,0.17806970586958665,0.20277078085642317,0.6,0,833,0.0,857,653,204,20,0,794,0,0.0,1.0,1,0.0,node_hello,10:1;12:1;13:0;17:1;18:0;2:0;21:1;25:0;26:0;29:1;3:0;31:1;33:1;39:0;4:1;41:0;42:1;43:1;44:1;8:1,SIM
flood,50,20,9,warm,240.0,60.0,node_hello,continuous,delay0.000|drop0.10,5,10,0.5,0.2672640000000044,0.5881892798674051,68.5,220.88601600000158,37.81017600000009,183.07584000000148,0.17117505528281077,0.23183391003460208,0.5,0,861,0.0,889,685,204,20,0,867,0,0.0,1.0,0,0.0,node_hello,0:1;11:1;16:0;17:0;18:0;20:1;21:0;22:1;29:1;30:0;32:0;33:1;35:0;37:1;41:0;44:1;45:1;46:0;49:0;8:1,SIM
flood,50,20,9,warm,240.0,60.0,node_hello,continuous,delay0.000|drop0.10,6,12,0.6,0.2672639999999973,0.748380270145882,60.0,230.24025600000198,37.81017600000009,192.43008000000188,0.1642205262315195,0.0979381443298969,0.6,0,900,0.0,924,720,204,20,0,776,0,0.0,1.0,1,0.0,node_hello,1:0;10:1;12:1;16:0;24:0;28:0;29:1;30:0;31:1;35:1;37:0;39:1;4:1;40:1;42:1;44:0;45:0;46:1;5:1;8:1,SIM
flood,50,20,9,warm,240.0,60.0,node_hello,continuous,delay0.000|drop0.10,7,13,0.65,0.2672639999999973,0.42760865452446467,57.23076923076923,236.65459200000225,37.81017600000009,198.84441600000216,0.15976945843501625,0.11491442542787286,0.65,0,923,0.0,948,744,204,20,0,818,0,0.0,1.0,2,0.0,node_hello,1:1;10:0;14:1;16:0;19:1;21:1;22:0;23:0;32:1;33:0;34:1;41:1;42:1;43:1;44:1;45:0;48:0;49:1;5:1;9:1,SIM
flood,50,20,9,warm,240.0,60.0,node_hello,continuous,delay0.000|drop0.10,8,8,0.4,0.2672640000000115,1.8544117339701907,82.75,214.7389440000013,37.81017600000009,176.9287680000012,0.1760750765357208,0.10957004160887657,0.4,0,845,0.0,866,662,204,20,0,721,0,0.0,1.0,0,0.0,node_hello,0:0;14:0;18:0;19:0;20:0;22:0;23:0;25:1;26:0;33:1;35:0;38:0;39:1;40:0;41:1;44:1;45:1;46:1;48:0;5:1,SIM
flood,50,20,9,warm,240.0,60.0,node_hello,continuous,delay0.000|drop0.10,9,14,0.7,0.2672639999999973,0.2672640000000115,50.285714285714285,225.9640320000018,37.81017600000009,188.1538560000017,0.16732829408885655,0.09403973509933775,0.7,0,884,0.0,908,704,204,20,0,755,0,0.0,1.0,4,0.0,node_hello,0:0;1:1;11:1;12:0;14:1;16:1;17:1;24:1;27:1;29:1;30:0;34:1;35:0;37:1;4:1;41:1;44:0;45:1;49:1;5:0,SIM
flood,50,20,9,warm,240.0,60.0,node_hello,continuous,delay0.000|drop0.10,10,13,0.65,0.2672640000000115,0.5867833225688656,54.69230769230769,227.83488000000187,37.81017600000009,190.02470400000178,0.16595429110766438,0.07866666666666666,0.65,0,894,0.0,915,711,204,20,0,750,0,0.0,1.0,2,0.0,node_hello,0:0;12:1;13:1;17:0;23:0;24:1;26:1;27:1;28:0;33:1;35:0;38:1;4:1;42:1;44:1;46:1;47:1;48:1;49:0;7:0,SIM
flood,50,20,9,warm,240.0,60.0,node_hello,continuous,delay0.000|drop0.10,11,16,0.8,0.2672639999999973,0.6705489241917739,44.375,227.56761600000186,37.81017600000009,189.75744000000176,0.16614919409271212,0.09210526315789473,0.8,0,891,0.0,914,710,204,20,0,760,0,0.0,1.0,8,0.0,node_hello,1:0;19:1;2:1;20:1;22:1;23:1;28:1;30:1;31:1;34:1;38:1;4:1;40:0;41:1;42:1;44:0;45:0;48:1;49:1;8:1,SIM
flood,50,20,9,warm,240.0,60.0,node_hello,continuous,delay0.000|drop0.10,12,9,0.45,0.2672639999999973,0.2672640000000115,82.55555555555556,236.38732800000224,37.81017600000009,198.57715200000214,0.1599500968173714,0.09850374064837905,0.45,0,921,0.0,947,743,204,20,74,802,0,0.0,1.0,3,0.0,node_hello,10:1;12:0;13:1;15:1;17:1;19:0;22:1;24:0;25:0;26:1;31:0;34:0;39:1;4:0;40:0;42:0;45:0;46:1;6:1;7:0,SIM
flood,50,20,9,warm,240.0,60.0,node_hello,continuous,delay0.000|drop0.10,13,13,0.65,0.2672639999999973,0.40400429763893675,52.69230769230769,220.88601600000158,37.81017600000009,183.07584000000148,0.17117505528281077,0.20927467300832342,0.65,0,865,0.0,889,685,204,20,0,841,0,0.0,1.0,1,0.0,node_hello,10:1;18:0;2:0;20:0;22:1;23:1;27:1;28:0;3:1;31:0;34:0;35:1;37:1;42:1;43:1;47:1;48:0;49:1;6:1;8:1,SIM
flood,50,20,9,warm,240.0,60.0,node_hello,continuous,delay0.000|drop0.10,14,16,0.8,0.2672640000000044,0.7186511642439299,44.125,226.49856000000182,37.81017600000009,188.68838400000172,0.16693340566933312,0.16117216117216118,0.8,0,885,0.0,910,706,204,20,0,819,0,0.0,1.0,2,0.0,node_hello,0:1;10:1;19:1;2:1;23:1;24:1;27:1;28:1;3:0;34:1;4:1;41:1;43:1;44:1;45:1;47:1;49:0;6:0;7:0;8:1,SIM
flood,50,20,9,warm,240.0,60.0,node_hello,continuous,delay0.000|drop0.10,15,16,0.8,0.2672639999999973,0.5917643121939307,43.75,224.89497600000175,37.81017600000009,187.08480000000165,0.16812370232761356,0.15527950310559005,0.8,0,877,0.0,904,700,204,20,115,805,0,0.0,1.0,2,0.0,node_hello,1:1;10:1;11:0;13:0;17:1;21:1;22:1;26:0;29:1;3:1;33:1;36:1;38:1;39:1;42:1;43:1;45:1;46:1;48:0;8:1,SIM
flood,50,20,9,warm,240.0,60.0,node_hello,continuous,delay0.000|drop0.10,16,15,0.75,0.2672639999999973,1.0835755529426503,48.733333333333334,233.1801600000021,37.81017600000009,195.369984000002,0.16215005599104035,0.2153846153846154,0.75,0,907,0.0,935,731,204,20,0,910,0,0.0,1.0,4,0.0,node_hello,1:1;13:1;14:1;17:0;22:1;3:1;30:0;32:1;33:1;34:1;37:1;4:1;40:1;41:1;42:0;44:1;45:1;46:1;49:0;9:0,SIM
flood,50,20,9,warm,240.0,60.0,node_hello,continuous,delay0.000|drop0.10,17,11,0.55,0.2672639999999973,0.2672640000000115,60.63636363636363,216.07526400000137,37.81017600000009,178.26508800000127,0.1749861381634126,0.0,0.55,0,851,0.0,871,667,204,20,0,647,0,0.0,1.0,2,0.0,node_hello,0:1;1:1;13:1;14:1;17:1;19:0;21:1;27:0;29:1;3:1;30:1;33:0;34:0;40:1;43:0;46:0;48:1;49:0;6:0;7:0,SIM
flood,50,20,9,warm,240.0,60.0,node_hello,continuous,delay0.000|drop0.10,18,19,0.95,0.2672639999999973,0.2672640000000115,40.78947368421053,244.9397760000026,37.81017600000009,207.1296000000025,0.1543651938344211,0.0979689366786141,0.95,0,956,0.0,979,775,204,20,0,837,0,0.0,1.0,3,0.0,node_hello,10:1;14:1;20:1;21:1;23:1;24:1;25:1;29:1;31:1;32:1;33:1;34:1;35:0;36:1;4:1;44:1;45:1;47:1;48:1;5:1,SIM
flood,50,20,9,warm,240.0,60.0,node_hello,continuous,delay0.000|drop0.10,19,11,0.55,0.2672639999999973,1.262086488591379,60.0,214.2044160000013,37.81017600000009,176.3942400000012,0.1765144561725556,0.11602209944751381,0.55,0,842,0.0,864,660,204,20,0,724,0,0.0,1.0,2,0.0,node_hello,12:0;15:1;17:1;18:1;2:1;20:1;27:1;28:0;34:0;37:0;39:0;4:1;40:1;41:1;43:0;45:0;47:1;7:0;8:0;9:1,SIM
flood,50,20,9,warm,240.0,60.0,node_hello,continuous,delay0.015|drop0.00,0,16,0.8,0.28226399999999785,0.28226399999999785,45.6875,233.1801600000021,37.81017600000009,195.369984000002,0.16215005599104035,0.18327605956471935,0.8,0,910,0.0,935,731,204,20,0,873,0,0.0,1.0,0,0.015,node_hello,0:1;10:1;11:1;16:1;17:0;19:1;21:1;22:1;24:1;26:0;28:1;30:1;32:1;33:1;36:1;38:1;42:0;46:1;7:0;9:1,SIM
flood,50,20,9,warm,240.0,60.0,node_hello,continuous,delay0.015|drop0.00,1,10,0.5,0.28226399999999785,1.5389519234524593,75.5,239.59449600000238,37.81017600000009,201.78432000000228,0.15780903414408867,0.16761041902604756,0.5,0,933,0.0,959,755,204,20,0,883,0,0.0,1.0,0,0.015,node_hello,1:0;10:1;14:0;19:1;20:0;25:1;27:1;28:1;3:0;32:0;33:1;34:1;4:0;40:1;41:0;42:1;43:0;44:1;45:0;48:0,SIM
flood,50,20,9,warm,240.0,60.0,node_hello,continuous,delay0.015|drop0.00,2,11,0.55,0.28226399999999785,0.42217621875144573,65.72727272727273,231.042048000002,37.81017600000009,193.2318720000019,0.16365062691964954,0.11904761904761904,0.55,0,903,0.0,927,723,204,20,0,798,0,0.0,1.0,0,0.015,node_hello,0:1;14:1;15:1;16:0;17:1;2:0;23:1;27:1;28:1;29:1;32:0;37:0;39:0;4:0;40:0;42:0;46:1;47:0;5:1;6:1,SIM
flood,50,20,9,warm,240.0,60.0,node_hello,continuous,delay0.015|drop0.00,3,19,0.95,0.28226399999999785,0.32089502964488675,38.31578947368421,232.37836800000207,37.81017600000009,194.56819200000197,0.162709534133572,0.14285714285714285,0.95,0,907,0.0,932,728,204,20,0,826,0,0.0,1.0,0,0.015,node_hello,10:1;11:1;12:1;13:1;14:1;17:1;2:0;20:1;21:1;25:1;28:1;33:1;36:1;40:1;41:1;45:1;48:1;49:1;5:1;7:1,SIM
flood,50,20,9,warm,240.0,60.0,node_hello,continuous,delay0.015|drop0.00,4,12,0.6,0.28226399999999785,1.2024105228893027,54.5,212.60083200000122,37.81017600000009,174.79065600000112,0.17784585151576393,0.20251572327044026,0.6,0,834,0.0,858,654,204,20,0,795,0,0.0,1.0,0,0.015,node_hello,10:1;12:1;13:0;17:1;18:0;2:0;21:1;25:0;26:0;29:1;3:0;31:1;33:1;39:0;4:1;41:0;42:1;43:1;44:1;8:1,SIM
flood,50,20,9,warm,240.0,60.0,node_hello,continuous,delay0.015|drop0.00,5,10,0.5,0.28226399999999785,0.6031892798673979,68.5,220.88601600000158,37.81017600000009,183.07584000000148,0.17117505528281077,0.23183391003460208,0.5,0,861,0.0,889,685,204,20,0,867,0,0.0,1.0,0,0.015,node_hello,0:1;11:1;16:0;17:0;18:0;20:1;21:0;22:1;29:1;30:0;32:0;33:1;35:0;37:1;41:0;44:1;45:1;46:0;49:0;8:1,SIM
flood,50,20,9,warm,240.0,60.0,node_hello,continuous,delay0.015|drop0.00,6,16,0.8,0.28226399999999785,0.28226399999999785,43.375,223.29139200000168,37.81017600000009,185.48121600000158,0.16933109539663674,0.04397163120567376,0.8,0,876,0.0,898,694,204,20,0,705,0,0.0,1.0,0,0.015,node_hello,1:1;10:1;12:1;16:1;24:0;28:0;29:1;30:1;31:0;35:1;37:1;39:1;4:1;40:1;42:1;44:1;45:0;46:1;5:1;8:1,SIM
flood,50,20,9,warm,240.0,60.0,node_hello,continuous,delay0.015|drop0.00,7,13,0.65,0.28226399999999785,0.442608654524451,57.38461538461539,237.18912000000228,37.81017600000009,199.37894400000218,0.15940940292708083,0.11678832116788321,0.65,0,925,0.0,950,746,204,20,0,822,0,0.0,1.0,0,0.015,node_hello,1:1;10:0;14:1;16:0;19:1;21:1;22:0;23:0;32:1;33:0;34:1;41:1;42:1;43:1;44:1;45:0;48:0;49:1;5:1;9:1,SIM
flood,50,20,9,warm,240.0,60.0,node_hello,continuous,delay0.015|drop0.00,8,8,0.4,0.28226399999999785,1.8694117339701861,82.75,214.7389440000013,37.81017600000009,176.9287680000012,0.1760750765357208,0.10957004160887657,0.4,0,845,0.0,866,662,204,20,0,721,0,0.0,1.0,0,0.015,node_hello,0:0;14:0;18:0;19:0;20:0;22:0;23:0;25:1;26:0;33:1;35:0;38:0;39:1;40:0;41:1;44:1;45:1;46:1;48:0;5:1,SIM
flood,50,20,9,warm,240.0,60.0,node_hello,continuous,delay0.015|drop0.00,9,17,0.85,0.28226399999999785,0.28226399999999785,41.64705882352941,227.03308800000184,37.81017600000009,189.22291200000174,0.16654037670491353,0.09711286089238845,0.85,0,888,0.0,912,708,204,20,0,762,0,0.0,1.0,0,0.015,node_hello,0:1;1:1;11:1;12:1;14:1;16:1;17:1;24:1;27:1;29:1;30:0;34:1;35:0;37:1;4:1;41:1;44:0;45:1;49:1;5:1,SIM
flood,50,20,9,warm,240.0,60.0,node_hello,continuous,delay0.015|drop0.00,10,14,0.7,0.28226399999999785,0.38405012409219086,50.92857142857143,228.3694080000019,37.81017600000009,190.5592320000018,0.16556585372415458,0.08333333333333333,0.7,0,896,0.0,917,713,204,20,0,756,0,0.0,1.0,0,0.015,node_hello,0:0;12:1;13:1;17:0;23:0;24:1;26:1;27:1;28:0;33:1;35:0;38:1;4:1;42:1;44:1;46:1;47:1;48:1;49:0;7:1,SIM
flood,50,20,9,warm,240.0,60.0,node_hello,continuous,delay0.015|drop0.00,11,17,0.85,0.28226399999999785,0.28226399999999785,40.23529411764706,220.61875200000156,37.81017600000009,182.80857600000147,0.17138242174445725,0.030656934306569343,0.85,0,867,0.0,888,684,204,20,0,685,0,0.0,1.0,0,0.015,node_hello,1:1;19:0;2:1;20:1;22:1;23:1;28:1;30:1;31:1;34:1;38:1;4:0;40:0;41:1;42:1;44:1;45:1;48:1;49:1;8:1,SIM
flood,50,20,9,warm,240.0,60.0,node_hello,continuous,delay0.015|drop0.00,12,12,0.6,0.28226399999999785,0.4160846631540307,58.5,225.42950400000177,37.81017600000009,187.61932800000167,0.1677250551906453,0.056708160442600276,0.6,0,882,0.0,906,702,204,20,73,723,0,0.0,1.0,0,0.015,node_hello,10:1;12:1;13:1;15:1;17:1;19:0;22:1;24:0;25:1;26:1;31:1;34:1;39:0;4:0;40:0;42:0;45:0;46:1;6:1;7:0,SIM
flood,50,20,9,warm,240.0,60.0,node_hello,continuous,delay0.015|drop0.00,13,13,0.65,0.28226399999999785,0.4190042976389231,52.76923076923077,221.1532800000016,37.81017600000009,183.3431040000015,0.17096819002639174,0.20902612826603326,0.65,0,866,0.0,890,686,204,20,0,842,0,0.0,1.0,0,0.015,node_hello,10:1;18:0;2:0;20:0;22:1;23:1;27:1;28:0;3:1;31:0;34:0;35:1;37:1;42:1;43:1;47:1;48:0;49:1;6:1;8:1,SIM
flood,50,20,9,warm,240.0,60.0,node_hello,continuous,delay0.015|drop0.00,14,16,0.8,0.28226399999999785,0.7697361405141265,49.0,247.3451520000027,37.81017600000009,209.53497600000262,0.15286402702568302,0.2413108242303873,0.8,0,958,0.0,988,784,204,20,0,1007,0,0.0,1.0,0,0.015,node_hello,0:1;10:1;19:1;2:1;23:1;24:1;27:1;28:1;3:1;34:0;4:1;41:0;43:1;44:0;45:1;47:1;49:0;6:1;7:1;8:1,SIM
flood,50,20,9,warm,240.0,60.0,node_hello,continuous,delay0.015|drop0.00,15,15,0.75,0.28226399999999785,2.35693855903104,47.4,227.83488000000187,37.81017600000009,190.02470400000178,0.16595429110766438,0.2537634408602151,0.75,0,883,0.0,915,711,204,20,117,930,0,0.0,1.0,0,0.015,node_hello,1:0;10:1;11:1;13:1;17:1;21:1;22:1;26:0;29:1;3:1;33:0;36:1;38:1;39:1;42:0;43:1;45:1;46:1;48:0;8:1,SIM
flood,50,20,9,warm,240.0,60.0,node_hello,continuous,delay0.015|drop0.00,16,11,0.55,0.28226399999999785,1.1651873313631071,62.54545454545455,221.6878080000016,37.81017600000009,183.8776320000015,0.17055595587827643,0.2330654420206659,0.55,0,865,0.0,892,688,204,20,0,871,0,0.0,1.0,0,0.015,node_hello,1:1;13:1;14:1;17:0;22:0;3:1;30:1;32:1;33:0;34:0;37:1;4:0;40:0;41:1;42:0;44:1;45:1;46:0;49:1;9:0,SIM
flood,50,20,9,warm,240.0,60.0,node_hello,continuous,delay0.015|drop0.00,17,16,0.8,0.28226399999999785,0.36242061328345443,43.875,225.42950400000177,37.81017600000009,187.61932800000167,0.1677250551906453,0.1668696711327649,0.8,0,880,0.0,906,702,204,20,0,821,0,0.0,1.0,0,0.015,node_hello,0:1;1:1;13:1;14:1;17:0;19:1;21:1;27:1;29:0;3:1;30:1;33:0;34:1;40:1;43:1;46:1;48:1;49:0;6:1;7:1,SIM
flood,50,20,9,warm,240.0,60.0,node_hello,continuous,delay0.015|drop0.00,18,17,0.85,0.28226399999999785,0.28226399999999785,44.1764705882353,238.52544000000233,37.81017600000009,200.71526400000224,0.15851632429647639,0.16247139588100687,0.85,0,930,0.0,955,751,204,20,0,874,0,0.0,1.0,0,0.015,node_hello,10:1;14:1;20:1;21:1;23:1;24:1;25:1;29:1;31:1;32:1;33:0;34:0;35:1;36:1;4:1;44:1;45:0;47:1;48:1;5:1,SIM
flood,50,20,9,warm,240.0,60.0,node_hello,continuous,delay0.015|drop0.00,19,11,0.55,0.28226399999999785,1.2770864885913653,60.18181818181818,214.7389440000013,37.81017600000009,176.9287680000012,0.1760750765357208,0.11570247933884298,0.55,0,844,0.0,866,662,204,20,0,726,0,0.0,1.0,0,0.015,node_hello,12:0;15:1;17:1;18:1;2:1;20:1;27:1;28:0;34:0;37:0;39:0;4:1;40:1;41:1;43:0;45:0;47:1;7:0;8:0;9:1,SIM
flood,50,20,9,warm,240.0,60.0,node_hello,continuous,delay0.015|drop0.01,0,16,0.8,0.28226399999999785,0.28226399999999785,45.6875,233.1801600000021,37.81017600000009,195.369984000002,0.16215005599104035,0.18327605956471935,0.8,0,910,0.0,935,731,204,20,0,873,0,0.0,1.0,0,0.015,node_hello,0:1;10:1;11:1;16:1;17:0;19:1;21:1;22:1;24:1;26:0;28:1;30:1;32:1;33:1;36:1;38:1;42:0;46:1;7:0;9:1,SIM
flood,50,20,9,warm,240.0,60.0,node_hello,continuous,delay0.015|drop0.01,1,10,0.5,0.28226399999999785,1.5457019234524596,75.4,239.32723200000237,37.81017600000009,201.51705600000227,0.15798526429286458,0.16780045351473924,0.5,0,932,0.0,958,754,204,20,0,882,0,0.0,1.0,1,0.01575,node_hello,1:0;10:1;14:0;19:1;20:0;25:1;27:1;28:1;3:0;32:0;33:1;34:1;4:0;40:1;41:0;42:1;43:0;44:1;45:0;48:0,SIM
flood,50,20,9,warm,240.0,60.0,node_hello,continuous,delay0.015|drop0.01,2,11,0.55,0.28226399999999785,0.42217621875144573,65.72727272727273,231.042048000002,37.81017600000009,193.2318720000019,0.16365062691964954,0.11904761904761904,0.55,0,903,0.0,927,723,204,20,0,798,0,0.0,1.0,0,0.015,node_hello,0:1;14:1;15:1;16:0;17:1;2:0;23:1;27:1;28:1;29:1;32:0;37:0;39:0;4:0;40:0;42:0;46:1;47:0;5:1;6:1,SIM
flood,50,20,9,warm,240.0,60.0,node_hello,continuous,delay0.015|drop0.01,3,19,0.95,0.28226399999999785,0.32089502964488675,38.31578947368421,232.37836800000207,37.81017600000009,194.56819200000197,0.162709534133572,0.14285714285714285,0.95,0,907,0.0,932,728,204,20,0,826,0,0.0,1.0,0,0.015,node_hello,10:1;11:1;12:1;13:1;14:1;17:1;2:0;20:1;21:1;25:1;28:1;33:1;36:1;40:1;41:1;45:1;48:1;49:1;5:1;7:1,SIM
flood,50,20,9,warm,240.0,60.0,node_hello,continuous,delay0.015|drop0.01,4,12,0.6,0.28226399999999785,1.2024105228893027,54.5,212.60083200000122,37.81017600000009,174.79065600000112,0.17784585151576393,0.20251572327044026,0.6,0,834,0.0,858,654,204,20,0,795,0,0.0,1.0,0,0.015,node_hello,10:1;12:1;13:0;17:1;18:0;2:0;21:1;25:0;26:0;29:1;3:0;31:1;33:1;39:0;4:1;41:0;42:1;43:1;44:1;8:1,SIM
flood,50,20,9,warm,240.0,60.0,node_hello,continuous,delay0.015|drop0.01,5,10,0.5,0.28226399999999785,0.6031892798673979,68.5,220.88601600000158,37.81017600000009,183.07584000000148,0.17117505528281077,0.23183391003460208,0.5,0,861,0.0,889,685,204,20,0,867,0,0.0,1.0,0,0.015,node_hello,0:1;11:1;16:0;17:0;18:0;20:1;21:0;22:1;29:1;30:0;32:0;33:1;35:0;37:1;41:0;44:1;45:1;46:0;49:0;8:1,SIM
flood,50,20,9,warm,240.0,60.0,node_hello,continuous,delay0.015|drop0.01,6,16,0.8,0.28226399999999785,0.28226399999999785,43.375,223.29139200000168,37.81017600000009,185.48121600000158,0.16933109539663674,0.04397163120567376,0.8,0,876,0.0,898,694,204,20,0,705,0,0.0,1.0,0,0.015,node_hello,1:1;10:1;12:1;16:1;24:0;28:0;29:1;30:1;31:0;35:1;37:1;39:1;4:1;40:1;42:1;44:1;45:0;46:1;5:1;8:1,SIM
flood,50,20,9,warm,240.0,60.0,node_hello,continuous,delay0.015|drop0.01,7,13,0.65,0.28226399999999785,0.442608654524451,57.38461538461539,237.18912000000228,37.81017600000009,199.37894400000218,0.15940940292708083,0.11678832116788321,0.65,0,925,0.0,950,746,204,20,0,822,0,0.0,1.0,0,0.015,node_hello,1:1;10:0;14:1;16:0;19:1;21:1;22:0;23:0;32:1;33:0;34:1;41:1;42:1;43:1;44:1;45:0;48:0;49:1;5:1;9:1,SIM
flood,50,20,9,warm,240.0,60.0,node_hello,continuous,delay0.015|drop0.01,8,8,0.4,0.28226399999999785,1.8694117339701861,82.75,214.7389440000013,37.81017600000009,176.9287680000012,0.1760750765357208,0.10957004160887657,0.4,0,845,0.0,866,662,204,20,0,721,0,0.0,1.0,0,0.015,node_hello,0:0;14:0;18:0;19:0;20:0;22:0;23:0;25:1;26:0;33:1;35:0;38:0;39:1;40:0;41:1;44:1;45:1;46:1;48:0;5:1,SIM
flood,50,20,9,warm,240.0,60.0,node_hello,continuous,delay0.015|drop0.01,9,17,0.85,0.28226399999999785,0.28226399999999785,41.64705882352941,227.03308800000184,37.81017600000009,189.22291200000174,0.16654037670491353,0.09711286089238845,0.85,0,888,0.0,912,708,204,20,0,762,0,0.0,1.0,0,0.015,node_hello,0:1;1:1;11:1;12:1;14:1;16:1;17:1;24:1;27:1;29:1;30:0;34:1;35:0;37:1;4:1;41:1;44:0;45:1;49:1;5:1,SIM
flood,50,20,9,warm,240.0,60.0,node_hello,continuous,delay0.015|drop0.01,10,14,0.7,0.28226399999999785,0.38405012409219086,50.92857142857143,228.3694080000019,37.81017600000009,190.5592320000018,0.16556585372415458,0.08333333333333333,0.7,0,896,0.0,917,713,204,20,0,756,0,0.0,1.0,0,0.015,node_hello,0:0;12:1;13:1;17:0;23:0;24:1;26:1;27:1;28:0;33:1;35:0;38:1;4:1;42:1;44:1;46:1;47:1;48:1;49:0;7:1,SIM
flood,50,20,9,warm,240.0,60.0,node_hello,continuous,delay0.015|drop0.01,11,17,0.85,0.28226399999999785,0.28226399999999785,40.23529411764706,220.61875200000156,37.81017600000009,182.80857600000147,0.17138242174445725,0.030656934306569343,0.85,0,867,0.0,888,684,204,20,0,685,0,0.0,1.0,0,0.015,node_hello,1:1;19:0;2:1;20:1;22:1;23:1;28:1;30:1;31:1;34:1;38:1;4:0;40:0;41:1;42:1;44:1;45:1;48:1;49:1;8:1,SIM
flood,50,20,9,warm,240.0,60.0,node_hello,continuous,delay0.015|drop0.01,12,12,0.6,0.28226399999999785,0.4160846631540307,58.5,225.42950400000177,37.81017600000009,187.61932800000167,0.1677250551906453,0.056708160442600276,0.6,0,882,0.0,906,702,204,20,73,723,0,0.0,1.0,0,0.015,node_hello,10:1;12:1;13:1;15:1;17:1;19:0;22:1;24:0;25:1;26:1;31:1;34:1;39:0;4:0;40:0;42:0;45:0;46:1;6:1;7:0,SIM
flood,50,20,9,warm,240.0,60.0,node_hello,continuous,delay0.015|drop0.01,13,13,0.65,0.28226399999999785,0.4190042976389231,52.69230769230769,220.88601600000158,37.81017600000009,183.07584000000148,0.17117505528281077,0.20927467300832342,0.65,0,865,0.0,889,685,204,20,0,841,0,0.0,1.0,1,0.01575,node_hello,10:1;18:0;2:0;20:0;22:1;23:1;27:1;28:0;3:1;31:0;34:0;35:1;37:1;42:1;43:1;47:1;48:0;49:1;6:1;8:1,SIM
flood,50,20,9,warm,240.0,60.0,node_hello,continuous,delay0.015|drop0.01,14,16,0.8,0.28226399999999785,0.7486511642439204,44.125,226.49856000000182,37.81017600000009,188.68838400000172,0.16693340566933312,0.16117216117216118,0.8,0,885,0.0,910,706,204,20,0,819,0,0.0,1.0,2,0.016499999999999997,node_hello,0:1;10:1;19:1;2:1;23:1;24:1;27:1;28:1;3:0;34:1;4:1;41:1;43:1;44:1;45:1;47:1;49:0;6:0;7:0;8:1,SIM
flood,50,20,9,warm,240.0,60.0,node_hello,continuous,delay0.015|drop0.01,15,15,0.75,0.28226399999999785,2.35693855903104,47.4,227.83488000000187,37.81017600000009,190.02470400000178,0.16595429110766438,0.2537634408602151,0.75,0,883,0.0,915,711,204,20,117,930,0,0.0,1.0,0,0.015,node_hello,1:0;10:1;11:1;13:1;17:1;21:1;22:1;26:0;29:1;3:1;33:0;36:1;38:1;39:1;42:0;43:1;45:1;46:1;48:0;8:1,SIM
flood,50,20,9,warm,240.0,60.0,node_hello,continuous,delay0.015|drop0.01,16,11,0.55,0.28226399999999785,1.1651873313631071,62.54545454545455,221.6878080000016,37.81017600000009,183.8776320000015,0.17055595587827643,0.2330654420206659,0.55,0,865,0.0,892,688,204,20,0,871,0,0.0,1.0,0,0.015,node_hello,1:1;13:1;14:1;17:0;22:0;3:1;30:1;32:1;33:0;34:0;37:1;4:0;40:0;41:1;42:0;44:1;45:1;46:0;49:1;9:0,SIM
flood,50,20,9,warm,240.0,60.0,node_hello,continuous,delay0.015|drop0.01,17,16,0.8,0.28226399999999785,0.36242061328345443,43.875,225.42950400000177,37.81017600000009,187.61932800000167,0.1677250551906453,0.1668696711327649,0.8,0,880,0.0,906,702,204,20,0,821,0,0.0,1.0,0,0.015,node_hello,0:1;1:1;13:1;14:1;17:0;19:1;21:1;27:1;29:0;3:1;30:1;33:0;34:1;40:1;43:1;46:1;48:1;49:0;6:1;7:1,SIM
flood,50,20,9,warm,240.0,60.0,node_hello,continuous,delay0.015|drop0.01,18,17,0.85,0.28226399999999785,0.28226399999999785,44.1764705882353,238.52544000000233,37.81017600000009,200.71526400000224,0.15851632429647639,0.16247139588100687,0.85,0,930,0.0,955,751,204,20,0,874,0,0.0,1.0,0,0.015,node_hello,10:1;14:1;20:1;21:1;23:1;24:1;25:1;29:1;31:1;32:1;33:0;34:0;35:1;36:1;4:1;44:1;45:0;47:1;48:1;5:1,SIM
flood,50,20,9,warm,240.0,60.0,node_hello,continuous,delay0.015|drop0.01,19,11,0.55,0.28226399999999785,1.2770864885913653,60.18181818181818,214.7389440000013,37.81017600000009,176.9287680000012,0.1760750765357208,0.11570247933884298,0.55,0,844,0.0,866,662,204,20,0,726,0,0.0,1.0,0,0.015,node_hello,12:0;15:1;17:1;18:1;2:1;20:1;27:1;28:0;34:0;37:0;39:0;4:1;40:1;41:1;43:0;45:0;47:1;7:0;8:0;9:1,SIM
flood,50,20,9,warm,240.0,60.0,node_hello,continuous,delay0.015|drop0.10,0,16,0.8,0.28226399999999785,0.5607513254482228,49.375,248.94873600000278,37.81017600000009,211.13856000000268,0.15187936523606077,0.23686818632309217,0.8,0,965,0.0,994,790,204,20,0,1009,0,0.0,1.0,2,0.016499999999999997,node_hello,0:1;10:1;11:1;16:0;17:1;19:1;21:0;22:1;24:1;26:0;28:1;30:1;32:1;33:0;36:1;38:1;42:1;46:1;7:1;9:1,SIM
flood,50,20,9,warm,240.0,60.0,node_hello,continuous,delay0.015|drop0.10,1,11,0.55,0.28226399999999785,0.43777720082707816,68.0,237.7236480000023,37.81017600000009,199.9134720000022,0.1590509666080832,0.10123456790123457,0.55,0,928,0.0,952,748,204,20,0,810,0,0.0,1.0,2,0.016499999999999997,node_hello,1:1;10:1;14:0;19:1;20:0;25:1;27:1;28:0;3:1;32:1;33:1;34:1;4:0;40:1;41:0;42:0;43:0;44:1;45:0;48:0,SIM
flood,50,20,9,warm,240.0,60.0,node_hello,continuous,delay0.015|drop0.10,2,11,0.55,0.28226399999999785,0.9784131744206519,64.18181818181819,226.49856000000182,37.81017600000009,188.68838400000172,0.16693340566933312,0.0653950953678474,0.55,0,887,0.0,910,706,204,20,0,734,0,0.0,1.0,3,0.017249999999999998,node_hello,0:0;14:1;15:1;16:1;17:0;2:1;23:0;27:0;28:0;29:1;32:1;37:0;39:1;4:0;40:1;42:0;46:1;47:0;5:1;6:1,SIM
flood,50,20,9,warm,240.0,60.0,node_hello,continuous,delay0.015|drop0.10,3,19,0.95,0.28226399999999785,0.3343950296449001,38.1578947368421,231.57657600000204,37.81017600000009,193.76640000000194,0.16327288645981086,0.1433778857837181,0.95,0,904,0.0,929,725,204,20,0,823,0,0.0,1.0,3,0.017249999999999998,node_hello,10:1;11:1;12:1;13:1;14:1;17:1;2:0;20:1;21:1;25:1;28:1;33:1;36:1;40:1;41:1;45:1;48:1;49:1;5:1;7:1,SIM
flood,50,20,9,warm,240.0,60.0,node_hello,continuous,delay0.015|drop0.10,4,12,0.6,0.28226399999999785,1.2106605228893108,54.416666666666664,212.3335680000012,37.81017600000009,174.5233920000011,0.17806970586958665,0.20277078085642317,0.6,0,833,0.0,857,653,204,20,0,794,0,0.0,1.0,1,0.01575,node_hello,10:1;12:1;13:0;17:1;18:0;2:0;21:1;25:0;26:0;29:1;3:0;31:1;33:1;39:0;4:1;41:0;42:1;43:1;44:1;8:1,SIM
flood,50,20,9,warm,240.0,60.0,node_hello,continuous,delay0.015|drop0.10,5,10,0.5,0.28226399999999785,0.6031892798673979,68.5,220.88601600000158,37.81017600000009,183.07584000000148,0.17117505528281077,0.23183391003460208,0.5,0,861,0.0,889,685,204,20,0,867,0,0.0,1.0,0,0.015,node_hello,0:1;11:1;16:0;17:0;18:0;20:1;21:0;22:1;29:1;30:0;32:0;33:1;35:0;37:1;41:0;44:1;45:1;46:0;49:0;8:1,SIM
flood,50,20,9,warm,240.0,60.0,node_hello,continuous,delay0.015|drop0.10,6,12,0.6,0.28226399999999785,0.7633802701458683,60.0,230.24025600000198,37.81017600000009,192.43008000000188,0.1642205262315195,0.0979381443298969,0.6,0,900,0.0,924,720,204,20,0,776,0,0.0,1.0,1,0.01575,node_hello,1:0;10:1;12:1;16:0;24:0;28:0;29:1;30:0;31:1;35:1;37:0;39:1;4:1;40:1;42:1;44:0;45:0;46:1;5:1;8:1,SIM
flood,50,20,9,warm,240.0,60.0,node_hello,continuous,delay0.015|drop0.10,7,13,0.65,0.28226399999999785,0.442608654524451,57.23076923076923,236.65459200000225,37.81017600000009,198.84441600000216,0.15976945843501625,0.11491442542787286,0.65,0,923,0.0,948,744,204,20,0,818,0,0.0,1.0,2,0.016499999999999997,node_hello,1:1;10:0;14:1;16:0;19:1;21:1;22:0;23:0;32:1;33:0;34:1;41:1;42:1;43:1;44:1;45:0;48:0;49:1;5:1;9:1,SIM
flood,50,20,9,warm,240.0,60.0,node_hello,continuous,delay0.015|drop0.10,8,8,0.4,0.28226399999999785,1.8694117339701861,82.75,214.7389440000013,37.81017600000009,176.9287680000012,0.1760750765357208,0.10957004160887657,0.4,0,845,0.0,866,662,204,20,0,721,0,0.0,1.0,0,0.015,node_hello,0:0;14:0;18:0;19:0;20:0;22:0;23:0;25:1;26:0;33:1;35:0;38:0;39:1;40:0;41:1;44:1;45:1;46:1;48:0;5:1,SIM
flood,50,20,9,warm,240.0,60.0,node_hello,continuous,delay0.015|drop0.10,9,14,0.7,0.28226399999999785,0.2972640000000034,50.285714285714285,225.9640320000018,37.81017600000009,188.1538560000017,0.16732829408885655,0.09403973509933775,0.7,0,884,0.0,908,704,204,20,0,755,0,0.0,1.0,4,0.018,node_hello,0:0;1:1;11:1;12:0;14:1;16:1;17:1;24:1;27:1;29:1;30:0;34:1;35:0;37:1;4:1;41:1;44:0;45:1;49:1;5:0,SIM
flood,50,20,9,warm,240.0,60.0,node_hello,continuous,delay0.015|drop0.10,10,13,0.65,0.28226399999999785,0.6137833225688665,54.69230769230769,227.83488000000187,37.81017600000009,190.02470400000178,0.16595429110766438,0.07866666666666666,0.65,0,894,0.0,915,711,204,20,0,750,0,0.0,1.0,2,0.016499999999999997,node_hello,0:0;12:1;13:1;17:0;23:0;24:1;26:1;27:1;28:0;33:1;35:0;38:1;4:1;42:1;44:1;46:1;47:1;48:1;49:0;7:0,SIM
flood,50,20,9,warm,240.0,60.0,node_hello,continuous,delay0.015|drop0.10,11,16,0.8,0.28226399999999785,0.7192989241917651,44.375,227.56761600000186,37.81017600000009,189.75744000000176,0.16614919409271212,0.09210526315789473,0.8,0,891,0.0,914,710,204,20,0,760,0,0.0,1.0,8,0.020999999999999998,node_hello,1:0;19:1;2:1;20:1;22:1;23:1;28:1;30:1;31:1;34:1;38:1;4:1;40:0;41:1;42:1;44:0;45:0;48:1;49:1;8:1,SIM
flood,50,20,9,warm,240.0,60.0,node_hello,continuous,delay0.015|drop0.10,12,9,0.45,0.28226399999999785,0.29726400000001263,82.55555555555556,236.38732800000224,37.81017600000009,198.57715200000214,0.1599500968173714,0.09850374064837905,0.45,0,921,0.0,947,743,204,20,74,802,0,0.0,1.0,3,0.017249999999999998,node_hello,10:1;12:0;13:1;15:1;17:1;19:0;22:1;24:0;25:0;26:1;31:0;34:0;39:1;4:0;40:0;42:0;45:0;46:1;6:1;7:0,SIM
flood,50,20,9,warm,240.0,60.0,node_hello,continuous,delay0.015|drop0.10,13,13,0.65,0.28226399999999785,0.4190042976389231,52.69230769230769,220.88601600000158,37.81017600000009,183.07584000000148,0.17117505528281077,0.20927467300832342,0.65,0,865,0.0,889,685,204,20,0,841,0,0.0,1.0,1,0.01575,node_hello,10:1;18:0;2:0;20:0;22:1;23:1;27:1;28:0;3:1;31:0;34:0;35:1;37:1;42:1;43:1;47:1;48:0;49:1;6:1;8:1,SIM
flood,50,20,9,warm,240.0,60.0,node_hello,continuous,delay0.015|drop0.10,14,16,0.8,0.28226399999999785,0.7486511642439204,44.125,226.49856000000182,37.81017600000009,188.68838400000172,0.16693340566933312,0.16117216117216118,0.8,0,885,0.0,910,706,204,20,0,819,0,0.0,1.0,2,0.016499999999999997,node_hello,0:1;10:1;19:1;2:1;23:1;24:1;27:1;28:1;3:0;34:1;4:1;41:1;43:1;44:1;45:1;47:1;49:0;6:0;7:0;8:1,SIM
flood,50,20,9,warm,240.0,60.0,node_hello,continuous,delay0.015|drop0.10,15,16,0.8,0.28226399999999785,0.6180143121939174,43.75,224.89497600000175,37.81017600000009,187.08480000000165,0.16812370232761356,0.15527950310559005,0.8,0,877,0.0,904,700,204,20,115,805,0,0.0,1.0,2,0.016499999999999997,node_hello,1:1;10:1;11:0;13:0;17:1;21:1;22:1;26:0;29:1;3:1;33:1;36:1;38:1;39:1;42:1;43:1;45:1;46:1;48:0;8:1,SIM
flood,50,20,9,warm,240.0,60.0,node_hello,continuous,delay0.015|drop0.10,16,15,0.75,0.28226399999999785,1.0985755529426466,48.733333333333334,233.1801600000021,37.81017600000009,195.369984000002,0.16215005599104035,0.2153846153846154,0.75,0,907,0.0,935,731,204,20,0,910,0,0.0,1.0,4,0.018,node_hello,1:1;13:1;14:1;17:0;22:1;3:1;30:0;32:1;33:1;34:1;37:1;4:1;40:1;41:1;42:0;44:1;45:1;46:1;49:0;9:0,SIM
flood,50,20,9,warm,240.0,60.0,node_hello,continuous,delay0.015|drop0.10,17,11,0.55,0.28226399999999785,0.28226399999999785,60.63636363636363,216.07526400000137,37.81017600000009,178.26508800000127,0.1749861381634126,0.0,0.55,0,851,0.0,871,667,204,20,0,647,0,0.0,1.0,2,0.016499999999999997,node_hello,0:1;1:1;13:1;14:1;17:1;19:0;21:1;27:0;29:1;3:1;30:1;33:0;34:0;40:1;43:0;46:0;48:1;49:0;6:0;7:0,SIM
flood,50,20,9,warm,240.0,60.0,node_hello,continuous,delay0.015|drop0.10,18,19,0.95,0.28226399999999785,0.2987639999999984,40.78947368421053,244.9397760000026,37.81017600000009,207.1296000000025,0.1543651938344211,0.0979689366786141,0.95,0,956,0.0,979,775,204,20,0,837,0,0.0,1.0,3,0.017249999999999998,node_hello,10:1;14:1;20:1;21:1;23:1;24:1;25:1;29:1;31:1;32:1;33:1;34:1;35:0;36:1;4:1;44:1;45:1;47:1;48:1;5:1,SIM
flood,50,20,9,warm,240.0,60.0,node_hello,continuous,delay0.015|drop0.10,19,11,0.55,0.28226399999999785,1.2845864885913727,60.0,214.2044160000013,37.81017600000009,176.3942400000012,0.1765144561725556,0.11602209944751381,0.55,0,842,0.0,864,660,204,20,0,724,0,0.0,1.0,2,0.016499999999999997,node_hello,12:0;15:1;17:1;18:1;2:1;20:1;27:1;28:0;34:0;37:0;39:0;4:1;40:1;41:1;43:0;45:0;47:1;7:0;8:0;9:1,SIM
flood,50,20,9,warm,240.0,60.0,node_hello,continuous,delay0.045|drop0.00,0,16,0.8,0.312263999999999,0.312263999999999,45.6875,233.1801600000021,37.81017600000009,195.369984000002,0.16215005599104035,0.18327605956471935,0.8,0,910,0.0,935,731,204,20,0,873,0,0.0,1.0,0,0.045,node_hello,0:1;10:1;11:1;16:1;17:0;19:1;21:1;22:1;24:1;26:0;28:1;30:1;32:1;33:1;36:1;38:1;42:0;46:1;7:0;9:1,SIM
flood,50,20,9,warm,240.0,60.0,node_hello,continuous,delay0.045|drop0.00,1,10,0.5,0.312263999999999,1.5689519234524605,75.5,239.59449600000238,37.81017600000009,201.78432000000228,0.15780903414408867,0.16761041902604756,0.5,0,933,0.0,959,755,204,20,0,883,0,0.0,1.0,0,0.045,node_hello,1:0;10:1;14:0;19:1;20:0;25:1;27:1;28:1;3:0;32:0;33:1;34:1;4:0;40:1;41:0;42:1;43:0;44:1;45:0;48:0,SIM
flood,50,20,9,warm,240.0,60.0,node_hello,continuous,delay0.045|drop0.00,2,11,0.55,0.312263999999999,0.45217621875144687,65.72727272727273,231.042048000002,37.81017600000009,193.2318720000019,0.16365062691964954,0.11904761904761904,0.55,0,903,0.0,927,723,204,20,0,798,0,0.0,1.0,0,0.045,node_hello,0:1;14:1;15:1;16:0;17:1;2:0;23:1;27:1;28:1;29:1;32:0;37:0;39:0;4:0;40:0;42:0;46:1;47:0;5:1;6:1,SIM
flood,50,20,9,warm,240.0,60.0,node_hello,continuous,delay0.045|drop0.00,3,19,0.95,0.312263999999999,0.35089502964488795,38.31578947368421,232.37836800000207,37.81017600000009,194.56819200000197,0.162709534133572,0.14285714285714285,0.95,0,907,0.0,932,728,204,20,0,826,0,0.0,1.0,0,0.045,node_hello,10:1;11:1;12:1;13:1;14:1;17:1;2:0;20:1;21:1;25:1;28:1;33:1;36:1;40:1;41:1;45:1;48:1;49:1;5:1;7:1,SIM
flood,50,20,9,warm,240.0,60.0,node_hello,continuous,delay0.045|drop0.00,4,12,0.6,0.312263999999999,1.2324105228893039,54.5,212.60083200000122,37.81017600000009,174.79065600000112,0.17784585151576393,0.20251572327044026,0.6,0,834,0.0,858,654,204,20,0,795,0,0.0,1.0,0,0.045,node_hello,10:1;12:1;13:0;17:1;18:0;2:0;21:1;25:0;26:0;29:1;3:0;31:1;33:1;39:0;4:1;41:0;42:1;43:1;44:1;8:1,SIM
flood,50,20,9,warm,240.0,60.0,node_hello,continuous,delay0.045|drop0.00,5,10,0.5,0.312263999999999,0.633189279867399,68.5,220.88601600000158,37.81017600000009,183.07584000000148,0.17117505528281077,0.23183391003460208,0.5,0,861,0.0,889,685,204,20,0,867,0,0.0,1.0,0,0.045,node_hello,0:1;11:1;16:0;17:0;18:0;20:1;21:0;22:1;29:1;30:0;32:0;33:1;35:0;37:1;41:0;44:1;45:1;46:0;49:0;8:1,SIM
flood,50,20,9,warm,240.0,60.0,node_hello,continuous,delay0.045|drop0.00,6,16,0.8,0.312263999999999,0.312263999999999,43.375,223.29139200000168,37.81017600000009,185.48121600000158,0.16933109539663674,0.04397163120567376,0.8,0,876,0.0,898,694,204,20,0,705,0,0.0,1.0,0,0.045,node_hello,1:1;10:1;12:1;16:1;24:0;28:0;29:1;30:1;31:0;35:1;37:1;39:1;4:1;40:1;42:1;44:1;45:0;46:1;5:1;8:1,SIM
flood,50,20,9,warm,240.0,60.0,node_hello,continuous,delay0.045|drop0.00,7,13,0.65,0.312263999999999,0.4726086545244522,57.38461538461539,237.18912000000228,37.81017600000009,199.37894400000218,0.15940940292708083,0.11678832116788321,0.65,0,925,0.0,950,746,204,20,0,822,0,0.0,1.0,0,0.045,node_hello,1:1;10:0;14:1;16:0;19:1;21:1;22:0;23:0;32:1;33:0;34:1;41:1;42:1;43:1;44:1;45:0;48:0;49:1;5:1;9:1,SIM
flood,50,20,9,warm,240.0,60.0,node_hello,continuous,delay0.045|drop0.00,8,8,0.4,0.312263999999999,1.8994117339701873,82.75,214.7389440000013,37.81017600000009,176.9287680000012,0.1760750765357208,0.10957004160887657,0.4,0,845,0.0,866,662,204,20,0,721,0,0.0,1.0,0,0.045,node_hello,0:0;14:0;18:0;19:0;20:0;22:0;23:0;25:1;26:0;33:1;35:0;38:0;39:1;40:0;41:1;44:1;45:1;46:1;48:0;5:1,SIM
flood,50,20,9,warm,240.0,60.0,node_hello,continuous,delay0.045|drop0.00,9,17,0.85,0.312263999999999,0.312263999999999,41.64705882352941,227.03308800000184,37.81017600000009,189.22291200000174,0.16654037670491353,0.09711286089238845,0.85,0,888,0.0,912,708,204,20,0,762,0,0.0,1.0,0,0.045,node_hello,0:1;1:1;11:1;12:1;14:1;16:1;17:1;24:1;27:1;29:1;30:0;34:1;35:0;37:1;4:1;41:1;44:0;45:1;49:1;5:1,SIM
flood,50,20,9,warm,240.0,60.0,node_hello,continuous,delay0.045|drop0.00,10,14,0.7,0.312263999999999,0.414050124092192,50.92857142857143,228.3694080000019,37.81017600000009,190.5592320000018,0.16556585372415458,0.08333333333333333,0.7,0,896,0.0,917,713,204,20,0,756,0,0.0,1.0,0,0.045,node_hello,0:0;12:1;13:1;17:0;23:0;24:1;26:1;27:1;28:0;33:1;35:0;38:1;4:1;42:1;44:1;46:1;47:1;48:1;49:0;7:1,SIM
flood,50,20,9,warm,240.0,60.0,node_hello,continuous,delay0.045|drop0.00,11,17,0.85,0.312263999999999,0.312263999999999,40.23529411764706,220.61875200000156,37.81017600000009,182.80857600000147,0.17138242174445725,0.030656934306569343,0.85,0,867,0.0,888,684,204,20,0,685,0,0.0,1.0,0,0.045,node_hello,1:1;19:0;2:1;20:1;22:1;23:1;28:1;30:1;31:1;34:1;38:1;4:0;40:0;41:1;42:1;44:1;45:1;48:1;49:1;8:1,SIM
flood,50,20,9,warm,240.0,60.0,node_hello,continuous,delay0.045|drop0.00,12,12,0.6,0.312263999999999,0.44608466315403184,58.5,225.42950400000177,37.81017600000009,187.61932800000167,0.1677250551906453,0.056708160442600276,0.6,0,882,0.0,906,702,204,20,73,723,0,0.0,1.0,0,0.045,node_hello,10:1;12:1;13:1;15:1;17:1;19:0;22:1;24:0;25:1;26:1;31:1;34:1;39:0;4:0;40:0;42:0;45:0;46:1;6:1;7:0,SIM
flood,50,20,9,warm,240.0,60.0,node_hello,continuous,delay0.045|drop0.00,13,13,0.65,0.312263999999999,0.44900429763892424,52.76923076923077,221.1532800000016,37.81017600000009,183.3431040000015,0.17096819002639174,0.20902612826603326,0.65,0,866,0.0,890,686,204,20,0,842,0,0.0,1.0,0,0.045,node_hello,10:1;18:0;2:0;20:0;22:1;23:1;27:1;28:0;3:1;31:0;34:0;35:1;37:1;42:1;43:1;47:1;48:0;49:1;6:1;8:1,SIM
flood,50,20,9,warm,240.0,60.0,node_hello,continuous,delay0.045|drop0.00,14,16,0.8,0.312263999999999,0.7997361405141277,49.0,247.3451520000027,37.81017600000009,209.53497600000262,0.15286402702568302,0.2413108242303873,0.8,0,958,0.0,988,784,204,20,0,1007,0,0.0,1.0,0,0.045,node_hello,0:1;10:1;19:1;2:1;23:1;24:1;27:1;28:1;3:1;34:0;4:1;41:0;43:1;44:0;45:1;47:1;49:0;6:1;7:1;8:1,SIM
flood,50,20,9,warm,240.0,60.0,node_hello,continuous,delay0.045|drop0.00,15,15,0.75,0.312263999999999,2.3869385590310412,47.4,227.83488000000187,37.81017600000009,190.02470400000178,0.16595429110766438,0.2537634408602151,0.75,0,883,0.0,915,711,204,20,117,930,0,0.0,1.0,0,0.045,node_hello,1:0;10:1;11:1;13:1;17:1;21:1;22:1;26:0;29:1;3:1;33:0;36:1;38:1;39:1;42:0;43:1;45:1;46:1;48:0;8:1,SIM
flood,50,20,9,warm,240.0,60.0,node_hello,continuous,delay0.045|drop0.00,16,11,0.55,0.312263999999999,1.1951873313631083,62.54545454545455,221.6878080000016,37.81017600000009,183.8776320000015,0.17055595587827643,0.2330654420206659,0.55,0,865,0.0,892,688,204,20,0,871,0,0.0,1.0,0,0.045,node_hello,1:1;13:1;14:1;17:0;22:0;3:1;30:1;32:1;33:0;34:0;37:1;4:0;40:0;41:1;42:0;44:1;45:1;46:0;49:1;9:0,SIM
flood,50,20,9,warm,240.0,60.0,node_hello,continuous,delay0.045|drop0.00,17,16,0.8,0.312263999999999,0.39242061328345557,43.875,225.42950400000177,37.81017600000009,187.61932800000167,0.1677250551906453,0.1668696711327649,0.8,0,880,0.0,906,702,204,20,0,821,0,0.0,1.0,0,0.045,node_hello,0:1;1:1;13:1;14:1;17:0;19:1;21:1;27:1;29:0;3:1;30:1;33:0;34:1;40:1;43:1;46:1;48:1;49:0;6:1;7:1,SIM
flood,50,20,9,warm,240.0,60.0,node_hello,continuous,delay0.045|drop0.00,18,17,0.85,0.312263999999999,0.312263999999999,44.1764705882353,238.52544000000233,37.81017600000009,200.71526400000224,0.15851632429647639,0.16247139588100687,0.85,0,930,0.0,955,751,204,20,0,874,0,0.0,1.0,0,0.045,node_hello,10:1;14:1;20:1;21:1;23:1;24:1;25:1;29:1;31:1;32:1;33:0;34:0;35:1;36:1;4:1;44:1;45:0;47:1;48:1;5:1,SIM
flood,50,20,9,warm,240.0,60.0,node_hello,continuous,delay0.045|drop0.00,19,11,0.55,0.312263999999999,1.3070864885913664,60.18181818181818,214.7389440000013,37.81017600000009,176.9287680000012,0.1760750765357208,0.11570247933884298,0.55,0,844,0.0,866,662,204,20,0,726,0,0.0,1.0,0,0.045,node_hello,12:0;15:1;17:1;18:1;2:1;20:1;27:1;28:0;34:0;37:0;39:0;4:1;40:1;41:1;43:0;45:0;47:1;7:0;8:0;9:1,SIM
flood,50,20,9,warm,240.0,60.0,node_hello,continuous,delay0.045|drop0.01,0,16,0.8,0.312263999999999,0.312263999999999,45.6875,233.1801600000021,37.81017600000009,195.369984000002,0.16215005599104035,0.18327605956471935,0.8,0,910,0.0,935,731,204,20,0,873,0,0.0,1.0,0,0.045,node_hello,0:1;10:1;11:1;16:1;17:0;19:1;21:1;22:1;24:1;26:0;28:1;30:1;32:1;33:1;36:1;38:1;42:0;46:1;7:0;9:1,SIM
flood,50,20,9,warm,240.0,60.0,node_hello,continuous,delay0.045|drop0.01,1,10,0.5,0.312263999999999,1.5892019234524615,75.4,239.32723200000237,37.81017600000009,201.51705600000227,0.15798526429286458,0.16780045351473924,0.5,0,932,0.0,958,754,204,20,0,882,0,0.0,1.0,1,0.04725,node_hello,1:0;10:1;14:0;19:1;20:0;25:1;27:1;28:1;3:0;32:0;33:1;34:1;4:0;40:1;41:0;42:1;43:0;44:1;45:0;48:0,SIM
flood,50,20,9,warm,240.0,60.0,node_hello,continuous,delay0.045|drop0.01,2,11,0.55,0.312263999999999,0.45217621875144687,65.72727272727273,231.042048000002,37.81017600000009,193.2318720000019,0.16365062691964954,0.11904761904761904,0.55,0,903,0.0,927,723,204,20,0,798,0,0.0,1.0,0,0.045,node_hello,0:1;14:1;15:1;16:0;17:1;2:0;23:1;27:1;28:1;29:1;32:0;37:0;39:0;4:0;40:0;42:0;46:1;47:0;5:1;6:1,SIM
flood,50,20,9,warm,240.0,60.0,node_hello,continuous,delay0.045|drop0.01,3,19,0.95,0.312263999999999,0.35089502964488795,38.31578947368421,232.37836800000207,37.81017600000009,194.56819200000197,0.162709534133572,0.14285714285714285,0.95,0,907,0.0,932,728,204,20,0,826,0,0.0,1.0,0,0.045,node_hello,10:1;11:1;12:1;13:1;14:1;17:1;2:0;20:1;21:1;25:1;28:1;33:1;36:1;40:1;41:1;45:1;48:1;49:1;5:1;7:1,SIM
flood,50,20,9,warm,240.0,60.0,node_hello,continuous,delay0.045|drop0.01,4,12,0.6,0.312263999999999,1.2324105228893039,54.5,212.60083200000122,37.81017600000009,174.79065600000112,0.17784585151576393,0.20251572327044026,0.6,0,834,0.0,858,654,204,20,0,795,0,0.0,1.0,0,0.045,node_hello,10:1;12:1;13:0;17:1;18:0;2:0;21:1;25:0;26:0;29:1;3:0;31:1;33:1;39:0;4:1;41:0;42:1;43:1;44:1;8:1,SIM
flood,50,20,9,warm,240.0,60.0,node_hello,continuous,delay0.045|drop0.01,5,10,0.5,0.312263999999999,0.633189279867399,68.5,220.88601600000158,37.81017600000009,183.07584000000148,0.17117505528281077,0.23183391003460208,0.5,0,861,0.0,889,685,204,20,0,867,0,0.0,1.0,0,0.045,node_hello,0:1;11:1;16:0;17:0;18:0;20:1;21:0;22:1;29:1;30:0;32:0;33:1;35:0;37:1;41:0;44:1;45:1;46:0;49:0;8:1,SIM
flood,50,20,9,warm,240.0,60.0,node_hello,continuous,delay0.045|drop0.01,6,16,0.8,0.312263999999999,0.312263999999999,43.375,223.29139200000168,37.81017600000009,185.48121600000158,0.16933109539663674,0.04397163120567376,0.8,0,876,0.0,898,694,204,20,0,705,0,0.0,1.0,0,0.045,node_hello,1:1;10:1;12:1;16:1;24:0;28:0;29:1;30:1;31:0;35:1;37:1;39:1;4:1;40:1;42:1;44:1;45:0;46:1;5:1;8:1,SIM
flood,50,20,9,warm,240.0,60.0,node_hello,continuous,delay0.045|drop0.01,7,13,0.65,0.312263999999999,0.4726086545244522,57.38461538461539,237.18912000000228,37.81017600000009,199.37894400000218,0.15940940292708083,0.11678832116788321,0.65,0,925,0.0,950,746,204,20,0,822,0,0.0,1.0,0,0.045,node_hello,1:1;10:0;14:1;16:0;19:1;21:1;22:0;23:0;32:1;33:0;34:1;41:1;42:1;43:1;44:1;45:0;48:0;49:1;5:1;9:1,SIM
flood,50,20,9,warm,240.0,60.0,node_hello,continuous,delay0.045|drop0.01,8,8,0.4,0.312263999999999,1.8994117339701873,82.75,214.7389440000013,37.81017600000009,176.9287680000012,0.1760750765357208,0.10957004160887657,0.4,0,845,0.0,866,662,204,20,0,721,0,0.0,1.0,0,0.045,node_hello,0:0;14:0;18:0;19:0;20:0;22:0;23:0;25:1;26:0;33:1;35:0;38:0;39:1;40:0;41:1;44:1;45:1;46:1;48:0;5:1,SIM
flood,50,20,9,warm,240.0,60.0,node_hello,continuous,delay0.045|drop0.01,9,17,0.85,0.312263999999999,0.312263999999999,41.64705882352941,227.03308800000184,37.81017600000009,189.22291200000174,0.16654037670491353,0.09711286089238845,0.85,0,888,0.0,912,708,204,20,0,762,0,0.0,1.0,0,0.045,node_hello,0:1;1:1;11:1;12:1;14:1;16:1;17:1;24:1;27:1;29:1;30:0;34:1;35:0;37:1;4:1;41:1;44:0;45:1;49:1;5:1,SIM
flood,50,20,9,warm,240.0,60.0,node_hello,continuous,delay0.045|drop0.01,10,14,0.7,0.312263999999999,0.414050124092192,50.92857142857143,228.3694080000019,37.81017600000009,190.5592320000018,0.16556585372415458,0.08333333333333333,0.7,0,896,0.0,917,713,204,20,0,756,0,0.0,1.0,0,0.045,node_hello,0:0;12:1;13:1;17:0;23:0;24:1;26:1;27:1;28:0;33:1;35:0;38:1;4:1;42:1;44:1;46:1;47:1;48:1;49:0;7:1,SIM
flood,50,20,9,warm,240.0,60.0,node_hello,continuous,delay0.045|drop0.01,11,17,0.85,0.312263999999999,0.312263999999999,40.23529411764706,220.61875200000156,37.81017600000009,182.80857600000147,0.17138242174445725,0.030656934306569343,0.85,0,867,0.0,888,684,204,20,0,685,0,0.0,1.0,0,0.045,node_hello,1:1;19:0;2:1;20:1;22:1;23:1;28:1;30:1;31:1;34:1;38:1;4:0;40:0;41:1;42:1;44:1;45:1;48:1;49:1;8:1,SIM
flood,50,20,9,warm,240.0,60.0,node_hello,continuous,delay0.045|drop0.01,12,12,0.6,0.312263999999999,0.44608466315403184,58.5,225.42950400000177,37.81017600000009,187.61932800000167,0.1677250551906453,0.056708160442600276,0.6,0,882,0.0,906,702,204,20,73,723,0,0.0,1.0,0,0.045,node_hello,10:1;12:1;13:1;15:1;17:1;19:0;22:1;24:0;25:1;26:1;31:1;34:1;39:0;4:0;40:0;42:0;45:0;46:1;6:1;7:0,SIM
flood,50,20,9,warm,240.0,60.0,node_hello,continuous,delay0.045|drop0.01,13,13,0.65,0.312263999999999,0.44900429763892424,52.69230769230769,220.88601600000158,37.81017600000009,183.07584000000148,0.17117505528281077,0.20927467300832342,0.65,0,865,0.0,889,685,204,20,0,841,0,0.0,1.0,1,0.04725,node_hello,10:1;18:0;2:0;20:0;22:1;23:1;27:1;28:0;3:1;31:0;34:0;35:1;37:1;42:1;43:1;47:1;48:0;49:1;6:1;8:1,SIM
flood,50,20,9,warm,240.0,60.0,node_hello,continuous,delay0.045|drop0.01,14,16,0.8,0.312263999999999,0.8086511642439227,44.125,226.49856000000182,37.81017600000009,188.68838400000172,0.16693340566933312,0.16117216117216118,0.8,0,885,0.0,910,706,204,20,0,819,0,0.0,1.0,2,0.0495,node_hello,0:1;10:1;19:1;2:1;23:1;24:1;27:1;28:1;3:0;34:1;4:1;41:1;43:1;44:1;45:1;47:1;49:0;6:0;7:0;8:1,SIM
flood,50,20,9,warm,240.0,60.0,node_hello,continuous,delay0.045|drop0.01,15,15,0.75,0.312263999999999,2.3869385590310412,47.4,227.83488000000187,37.81017600000009,190.02470400000178,0.16595429110766438,0.2537634408602151,0.75,0,883,0.0,915,711,204,20,117,930,0,0.0,1.0,0,0.045,node_hello,1:0;10:1;11:1;13:1;17:1;21:1;22:1;26:0;29:1;3:1;33:0;36:1;38:1;39:1;42:0;43:1;45:1;46:1;48:0;8:1,SIM
flood,50,20,9,warm,240.0,60.0,node_hello,continuous,delay0.045|drop0.01,16,11,0.55,0.312263999999999,1.1951873313631083,62.54545454545455,221.6878080000016,37.81017600000009,183.8776320000015,0.17055595587827643,0.2330654420206659,0.55,0,865,0.0,892,688,204,20,0,871,0,0.0,1.0,0,0.045,node_hello,1:1;13:1;14:1;17:0;22:0;3:1;30:1;32:1;33:0;34:0;37:1;4:0;40:0;41:1;42:0;44:1;45:1;46:0;49:1;9:0,SIM
flood,50,20,9,warm,240.0,60.0,node_hello,continuous,delay0.045|drop0.01,17,16,0.8,0.312263999999999,0.39242061328345557,43.875,225.42950400000177,37.81017600000009,187.61932800000167,0.1677250551906453,0.1668696711327649,0.8,0,880,0.0,906,702,204,20,0,821,0,0.0,1.0,0,0.045,node_hello,0:1;1:1;13:1;14:1;17:0;19:1;21:1;27:1;29:0;3:1;30:1;33:0;34:1;40:1;43:1;46:1;48:1;49:0;6:1;7:1,SIM
flood,50,20,9,warm,240.0,60.0,node_hello,continuous,delay0.045|drop0.01,18,17,0.85,0.312263999999999,0.312263999999999,44.1764705882353,238.52544000000233,37.81017600000009,200.71526400000224,0.15851632429647639,0.16247139588100687,0.85,0,930,0.0,955,751,204,20,0,874,0,0.0,1.0,0,0.045,node_hello,10:1;14:1;20:1;21:1;23:1;24:1;25:1;29:1;31:1;32:1;33:0;34:0;35:1;36:1;4:1;44:1;45:0;47:1;48:1;5:1,SIM
flood,50,20,9,warm,240.0,60.0,node_hello,continuous,delay0.045|drop0.01,19,11,0.55,0.312263999999999,1.3070864885913664,60.18181818181818,214.7389440000013,37.81017600000009,176.9287680000012,0.1760750765357208,0.11570247933884298,0.55,0,844,0.0,866,662,204,20,0,726,0,0.0,1.0,0,0.045,node_hello,12:0;15:1;17:1;18:1;2:1;20:1;27:1;28:0;34:0;37:0;39:0;4:1;40:1;41:1;43:0;45:0;47:1;7:0;8:0;9:1,SIM
flood,50,20,9,warm,240.0,60.0,node_hello,continuous,delay0.045|drop0.10,0,16,0.8,0.312263999999999,0.590751325448224,49.375,248.94873600000278,37.81017600000009,211.13856000000268,0.15187936523606077,0.23686818632309217,0.8,0,965,0.0,994,790,204,20,0,1009,0,0.0,1.0,2,0.0495,node_hello,0:1;10:1;11:1;16:0;17:1;19:1;21:0;22:1;24:1;26:0;28:1;30:1;32:1;33:0;36:1;38:1;42:1;46:1;7:1;9:1,SIM
flood,50,20,9,warm,240.0,60.0,node_hello,continuous,delay0.045|drop0.10,1,11,0.55,0.312263999999999,0.48277720082707987,68.0,237.7236480000023,37.81017600000009,199.9134720000022,0.1590509666080832,0.10123456790123457,0.55,0,928,0.0,952,748,204,20,0,810,0,0.0,1.0,2,0.0495,node_hello,1:1;10:1;14:0;19:1;20:0;25:1;27:1;28:0;3:1;32:1;33:1;34:1;4:0;40:1;41:0;42:0;43:0;44:1;45:0;48:0,SIM
flood,50,20,9,warm,240.0,60.0,node_hello,continuous,delay0.045|drop0.10,2,11,0.55,0.312263999999999,1.008413174420653,64.18181818181819,226.49856000000182,37.81017600000009,188.68838400000172,0.16693340566933312,0.0653950953678474,0.55,0,887,0.0,910,706,204,20,0,734,0,0.0,1.0,3,0.05175,node_hello,0:0;14:1;15:1;16:1;17:0;2:1;23:0;27:0;28:0;29:1;32:1;37:0;39:1;4:0;40:1;42:0;46:1;47:0;5:1;6:1,SIM
flood,50,20,9,warm,240.0,60.0,node_hello,continuous,delay0.045|drop0.10,3,19,0.95,0.312263999999999,0.39139502964490236,38.1578947368421,231.57657600000204,37.81017600000009,193.76640000000194,0.16327288645981086,0.1433778857837181,0.95,0,904,0.0,929,725,204,20,0,823,0,0.0,1.0,3,0.05175,node_hello,10:1;11:1;12:1;13:1;14:1;17:1;2:0;20:1;21:1;25:1;28:1;33:1;36:1;40:1;41:1;45:1;48:1;49:1;5:1;7:1,SIM
flood,50,20,9,warm,240.0,60.0,node_hello,continuous,delay0.045|drop0.10,4,12,0.6,0.312263999999999,1.2571605228893126,54.416666666666664,212.3335680000012,37.81017600000009,174.5233920000011,0.17806970586958665,0.20277078085642317,0.6,0,833,0.0,857,653,204,20,0,794,0,0.0,1.0,1,0.04725,node_hello,10:1;12:1;13:0;17:1;18:0;2:0;21:1;25:0;26:0;29:1;3:0;31:1;33:1;39:0;4:1;41:0;42:1;43:1;44:1;8:1,SIM
flood,50,20,9,warm,240.0,60.0,node_hello,continuous,delay0.045|drop0.10,5,10,0.5,0.312263999999999,0.633189279867399,68.5,220.88601600000158,37.81017600000009,183.07584000000148,0.17117505528281077,0.23183391003460208,0.5,0,861,0.0,889,685,204,20,0,867,0,0.0,1.0,0,0.045,node_hello,0:1;11:1;16:0;17:0;18:0;20:1;21:0;22:1;29:1;30:0;32:0;33:1;35:0;37:1;41:0;44:1;45:1;46:0;49:0;8:1,SIM
flood,50,20,9,warm,240.0,60.0,node_hello,continuous,delay0.045|drop0.10,6,12,0.6,0.312263999999999,0.7933802701458694,60.0,230.24025600000198,37.81017600000009,192.43008000000188,0.1642205262315195,0.0979381443298969,0.6,0,900,0.0,924,720,204,20,0,776,0,0.0,1.0,1,0.04725,node_hello,1:0;10:1;12:1;16:0;24:0;28:0;29:1;30:0;31:1;35:1;37:0;39:1;4:1;40:1;42:1;44:0;45:0;46:1;5:1;8:1,SIM
flood,50,20,9,warm,240.0,60.0,node_hello,continuous,delay0.045|drop0.10,7,13,0.65,0.312263999999999,0.4726086545244522,57.23076923076923,236.65459200000225,37.81017600000009,198.84441600000216,0.15976945843501625,0.11491442542787286,0.65,0,923,0.0,948,744,204,20,0,818,0,0.0,1.0,2,0.0495,node_hello,1:1;10:0;14:1;16:0;19:1;21:1;22:0;23:0;32:1;33:0;34:1;41:1;42:1;43:1;44:1;45:0;48:0;49:1;5:1;9:1,SIM
flood,50,20,9,warm,240.0,60.0,node_hello,continuous,delay0.045|drop0.10,8,8,0.4,0.312263999999999,1.8994117339701873,82.75,214.7389440000013,37.81017600000009,176.9287680000012,0.1760750765357208,0.10957004160887657,0.4,0,845,0.0,866,662,204,20,0,721,0,0.0,1.0,0,0.045,node_hello,0:0;14:0;18:0;19:0;20:0;22:0;23:0;25:1;26:0;33:1;35:0;38:0;39:1;40:0;41:1;44:1;45:1;46:1;48:0;5:1,SIM
flood,50,20,9,warm,240.0,60.0,node_hello,continuous,delay0.045|drop0.10,9,14,0.7,0.312263999999999,0.3572640000000057,50.285714285714285,225.9640320000018,37.81017600000009,188.1538560000017,0.16732829408885655,0.09403973509933775,0.7,0,884,0.0,908,704,204,20,0,755,0,0.0,1.0,4,0.054000000000000006,node_hello,0:0;1:1;11:1;12:0;14:1;16:1;17:1;24:1;27:1;29:1;30:0;34:1;35:0;37:1;4:1;41:1;44:0;45:1;49:1;5:0,SIM
flood,50,20,9,warm,240.0,60.0,node_hello,continuous,delay0.045|drop0.10,10,13,0.65,0.312263999999999,0.6677833225688685,54.69230769230769,227.83488000000187,37.81017600000009,190.02470400000178,0.16595429110766438,0.07866666666666666,0.65,0,894,0.0,915,711,204,20,0,750,0,0.0,1.0,2,0.0495,node_hello,0:0;12:1;13:1;17:0;23:0;24:1;26:1;27:1;28:0;33:1;35:0;38:1;4:1;42:1;44:1;46:1;47:1;48:1;49:0;7:0,SIM
flood,50,20,9,warm,240.0,60.0,node_hello,continuous,delay0.045|drop0.10,11,16,0.8,0.312263999999999,0.8167989241917688,44.375,227.56761600000186,37.81017600000009,189.75744000000176,0.16614919409271212,0.09210526315789473,0.8,0,891,0.0,914,710,204,20,0,760,0,0.0,1.0,8,0.063,node_hello,1:0;19:1;2:1;20:1;22:1;23:1;28:1;30:1;31:1;34:1;38:1;4:1;40:0;41:1;42:1;44:0;45:0;48:1;49:1;8:1,SIM
flood,50,20,9,warm,240.0,60.0,node_hello,continuous,delay0.045|drop0.10,12,9,0.45,0.312263999999999,0.3572640000000149,82.55555555555556,236.38732800000224,37.81017600000009,198.57715200000214,0.1599500968173714,0.09850374064837905,0.45,0,921,0.0,947,743,204,20,74,802,0,0.0,1.0,3,0.05175,node_hello,10:1;12:0;13:1;15:1;17:1;19:0;22:1;24:0;25:0;26:1;31:0;34:0;39:1;4:0;40:0;42:0;45:0;46:1;6:1;7:0,SIM
flood,50,20,9,warm,240.0,60.0,node_hello,continuous,delay0.045|drop0.10,13,13,0.65,0.312263999999999,0.44900429763892424,52.69230769230769,220.88601600000158,37.81017600000009,183.07584000000148,0.17117505528281077,0.20927467300832342,0.65,0,865,0.0,889,685,204,20,0,841,0,0.0,1.0,1,0.04725,node_hello,10:1;18:0;2:0;20:0;22:1;23:1;27:1;28:0;3:1;31:0;34:0;35:1;37:1;42:1;43:1;47:1;48:0;49:1;6:1;8:1,SIM
flood,50,20,9,warm,240.0,60.0,node_hello,continuous,delay0.045|drop0.10,14,16,0.8,0.312263999999999,0.8086511642439227,44.125,226.49856000000182,37.81017600000009,188.68838400000172,0.16693340566933312,0.16117216117216118,0.8,0,885,0.0,910,706,204,20,0,819,0,0.0,1.0,2,0.0495,node_hello,0:1;10:1;19:1;2:1;23:1;24:1;27:1;28:1;3:0;34:1;4:1;41:1;43:1;44:1;45:1;47:1;49:0;6:0;7:0;8:1,SIM
flood,50,20,9,warm,240.0,60.0,node_hello,continuous,delay0.045|drop0.10,15,16,0.8,0.312263999999999,0.6705143121939194,43.75,224.89497600000175,37.81017600000009,187.08480000000165,0.16812370232761356,0.15527950310559005,0.8,0,877,0.0,904,700,204,20,115,805,0,0.0,1.0,2,0.0495,node_hello,1:1;10:1;11:0;13:0;17:1;21:1;22:1;26:0;29:1;3:1;33:1;36:1;38:1;39:1;42:1;43:1;45:1;46:1;48:0;8:1,SIM
flood,50,20,9,warm,240.0,60.0,node_hello,continuous,delay0.045|drop0.10,16,15,0.75,0.312263999999999,1.1285755529426478,48.733333333333334,233.1801600000021,37.81017600000009,195.369984000002,0.16215005599104035,0.2153846153846154,0.75,0,907,0.0,935,731,204,20,0,910,0,0.0,1.0,4,0.054000000000000006,node_hello,1:1;13:1;14:1;17:0;22:1;3:1;30:0;32:1;33:1;34:1;37:1;4:1;40:1;41:1;42:0;44:1;45:1;46:1;49:0;9:0,SIM
flood,50,20,9,warm,240.0,60.0,node_hello,continuous,delay0.045|drop0.10,17,11,0.55,0.312263999999999,0.312263999999999,60.63636363636363,216.07526400000137,37.81017600000009,178.26508800000127,0.1749861381634126,0.0,0.55,0,851,0.0,871,667,204,20,0,647,0,0.0,1.0,2,0.0495,node_hello,0:1;1:1;13:1;14:1;17:1;19:0;21:1;27:0;29:1;3:1;30:1;33:0;34:0;40:1;43:0;46:0;48:1;49:0;6:0;7:0,SIM
flood,50,20,9,warm,240.0,60.0,node_hello,continuous,delay0.045|drop0.10,18,19,0.95,0.312263999999999,0.36176400000000075,40.78947368421053,244.9397760000026,37.81017600000009,207.1296000000025,0.1543651938344211,0.0979689366786141,0.95,0,956,0.0,979,775,204,20,0,837,0,0.0,1.0,3,0.05175,node_hello,10:1;14:1;20:1;21:1;23:1;24:1;25:1;29:1;31:1;32:1;33:1;34:1;35:0;36:1;4:1;44:1;45:1;47:1;48:1;5:1,SIM
flood,50,20,9,warm,240.0,60.0,node_hello,continuous,delay0.045|drop0.10,19,11,0.55,0.312263999999999,1.3295864885913744,60.0,214.2044160000013,37.81017600000009,176.3942400000012,0.1765144561725556,0.11602209944751381,0.55,0,842,0.0,864,660,204,20,0,724,0,0.0,1.0,2,0.0495,node_hello,12:0;15:1;17:1;18:1;2:1;20:1;27:1;28:0;34:0;37:0;39:0;4:1;40:1;41:1;43:0;45:0;47:1;7:0;8:0;9:1,SIM
flood,50,20,9,warm,240.0,60.0,node_hello,continuous,delay0.160|drop0.00,0,16,0.8,0.42726399999999387,0.4272640000000081,45.6875,233.1801600000021,37.81017600000009,195.369984000002,0.16215005599104035,0.18327605956471935,0.8,0,910,0.0,935,731,204,20,0,873,0,0.0,1.0,0,0.16,node_hello,0:1;10:1;11:1;16:1;17:0;19:1;21:1;22:1;24:1;26:0;28:1;30:1;32:1;33:1;36:1;38:1;42:0;46:1;7:0;9:1,SIM
flood,50,20,9,warm,240.0,60.0,node_hello,continuous,delay0.160|drop0.00,1,10,0.5,0.427264000000001,1.6839519234524634,75.5,239.59449600000238,37.81017600000009,201.78432000000228,0.15780903414408867,0.16761041902604756,0.5,0,933,0.0,959,755,204,20,0,883,0,0.0,1.0,0,0.16,node_hello,1:0;10:1;14:0;19:1;20:0;25:1;27:1;28:1;3:0;32:0;33:1;34:1;4:0;40:1;41:0;42:1;43:0;44:1;45:0;48:0,SIM
flood,50,20,9,warm,240.0,60.0,node_hello,continuous,delay0.160|drop0.00,2,11,0.55,0.42726399999999387,0.5671762187514489,65.72727272727273,231.042048000002,37.81017600000009,193.2318720000019,0.16365062691964954,0.11904761904761904,0.55,0,903,0.0,927,723,204,20,0,798,0,0.0,1.0,0,0.16,node_hello,0:1;14:1;15:1;16:0;17:1;2:0;23:1;27:1;28:1;29:1;32:0;37:0;39:0;4:0;40:0;42:0;46:1;47:0;5:1;6:1,SIM
flood,50,20,9,warm,240.0,60.0,node_hello,continuous,delay0.160|drop0.00,3,19,0.95,0.42726399999999387,0.4658950296448956,38.31578947368421,232.37836800000207,37.81017600000009,194.56819200000197,0.162709534133572,0.14285714285714285,0.95,0,907,0.0,932,728,204,20,0,826,0,0.0,1.0,0,0.16,node_hello,10:1;11:1;12:1;13:1;14:1;17:1;2:0;20:1;21:1;25:1;28:1;33:1;36:1;40:1;41:1;45:1;48:1;49:1;5:1;7:1,SIM
flood,50,20,9,warm,240.0,60.0,node_hello,continuous,delay0.160|drop0.00,4,16,0.8,0.42726399999999387,1.0215058594213424,47.25,239.8617600000024,37.81017600000009,202.0515840000023,0.1576331967213103,0.17117117117117117,0.8,0,933,0.0,960,756,204,20,0,888,0,0.0,1.0,0,0.16,node_hello,10:1;12:1;13:1;17:1;18:1;2:1;21:0;25:1;26:1;29:1;3:1;31:0;33:1;39:1;4:1;41:1;42:0;43:1;44:1;8:0,SIM
flood,50,20,9,warm,240.0,60.0,node_hello,continuous,delay0.160|drop0.00,5,8,0.4,0.42726399999999387,0.4272640000000081,72.625,193.09056000000038,37.81017600000009,155.28038400000028,0.1958157664465835,0.20396600566572237,0.4,0,762,0.0,785,581,204,20,0,706,0,0.0,1.0,0,0.16,node_hello,0:1;11:1;16:0;17:0;18:0;20:1;21:0;22:0;29:1;30:1;32:0;33:0;35:0;37:0;41:0;44:0;45:1;46:1;49:0;8:1,SIM
flood,50,20,9,warm,240.0,60.0,node_hello,continuous,delay0.160|drop0.00,6,16,0.8,0.42726399999999387,0.4272640000000081,43.375,223.29139200000168,37.81017600000009,185.48121600000158,0.16933109539663674,0.04397163120567376,0.8,0,876,0.0,898,694,204,20,0,705,0,0.0,1.0,0,0.16,node_hello,1:1;10:1;12:1;16:1;24:0;28:0;29:1;30:1;31:0;35:1;37:1;39:1;4:1;40:1;42:1;44:1;45:0;46:1;5:1;8:1,SIM
flood,50,20,9,warm,240.0,60.0,node_hello,continuous,delay0.160|drop0.00,7,13,0.65,0.42726399999999387,0.5876086545244612,57.38461538461539,237.18912000000228,37.81017600000009,199.37894400000218,0.15940940292708083,0.11678832116788321,0.65,0,925,0.0,950,746,204,20,0,822,0,0.0,1.0,0,0.16,node_hello,1:1;10:0;14:1;16:0;19:1;21:1;22:0;23:0;32:1;33:0;34:1;41:1;42:1;43:1;44:1;45:0;48:0;49:1;5:1;9:1,SIM
flood,50,20,9,warm,240.0,60.0,node_hello,continuous,delay0.160|drop0.00,8,8,0.4,0.4272640000000081,2.0144117339701872,82.75,214.7389440000013,37.81017600000009,176.9287680000012,0.1760750765357208,0.10957004160887657,0.4,0,845,0.0,866,662,204,20,0,721,0,0.0,1.0,0,0.16,node_hello,0:0;14:0;18:0;19:0;20:0;22:0;23:0;25:1;26:0;33:1;35:0;38:0;39:1;40:0;41:1;44:1;45:1;46:1;48:0;5:1,SIM
flood,50,20,9,warm,240.0,60.0,node_hello,continuous,delay0.160|drop0.00,9,17,0.85,0.42726399999999387,0.4272640000000081,41.64705882352941,227.03308800000184,37.81017600000009,189.22291200000174,0.16654037670491353,0.09711286089238845,0.85,0,888,0.0,912,708,204,20,0,762,0,0.0,1.0,0,0.16,node_hello,0:1;1:1;11:1;12:1;14:1;16:1;17:1;24:1;27:1;29:1;30:0;34:1;35:0;37:1;4:1;41:1;44:0;45:1;49:1;5:1,SIM
flood,50,20,9,warm,240.0,60.0,node_hello,continuous,delay0.160|drop0.00,10,14,0.7,0.427264000000001,0.5290501240921961,50.92857142857143,228.3694080000019,37.81017600000009,190.5592320000018,0.16556585372415458,0.08333333333333333,0.7,0,896,0.0,917,713,204,20,0,756,0,0.0,1.0,0,0.16,node_hello,0:0;12:1;13:1;17:0;23:0;24:1;26:1;27:1;28:0;33:1;35:0;38:1;4:1;42:1;44:1;46:1;47:1;48:1;49:0;7:1,SIM
flood,50,20,9,warm,240.0,60.0,node_hello,continuous,delay0.160|drop0.00,11,17,0.85,0.42726399999999387,0.4272640000000081,40.23529411764706,220.61875200000156,37.81017600000009,182.80857600000147,0.17138242174445725,0.030656934306569343,0.85,0,867,0.0,888,684,204,20,0,685,0,0.0,1.0,0,0.16,node_hello,1:1;19:0;2:1;20:1;22:1;23:1;28:1;30:1;31:1;34:1;38:1;4:0;40:0;41:1;42:1;44:1;45:1;48:1;49:1;8:1,SIM
flood,50,20,9,warm,240.0,60.0,node_hello,continuous,delay0.160|drop0.00,12,12,0.6,0.42726399999999387,0.5610846631540409,58.5,225.42950400000177,37.81017600000009,187.61932800000167,0.1677250551906453,0.056708160442600276,0.6,0,882,0.0,906,702,204,20,73,723,0,0.0,1.0,0,0.16,node_hello,10:1;12:1;13:1;15:1;17:1;19:0;22:1;24:0;25:1;26:1;31:1;34:1;39:0;4:0;40:0;42:0;45:0;46:1;6:1;7:0,SIM
flood,50,20,9,warm,240.0,60.0,node_hello,continuous,delay0.160|drop0.00,13,13,0.65,0.42726399999999387,0.5640042976389334,52.76923076923077,221.1532800000016,37.81017600000009,183.3431040000015,0.17096819002639174,0.20902612826603326,0.65,0,866,0.0,890,686,204,20,0,842,0,0.0,1.0,0,0.16,node_hello,10:1;18:0;2:0;20:0;22:1;23:1;27:1;28:0;3:1;31:0;34:0;35:1;37:1;42:1;43:1;47:1;48:0;49:1;6:1;8:1,SIM
flood,50,20,9,warm,240.0,60.0,node_hello,continuous,delay0.160|drop0.00,14,16,0.8,0.42726399999999387,0.9147361405141368,49.0,247.3451520000027,37.81017600000009,209.53497600000262,0.15286402702568302,0.2413108242303873,0.8,0,958,0.0,988,784,204,20,0,1007,0,0.0,1.0,0,0.16,node_hello,0:1;10:1;19:1;2:1;23:1;24:1;27:1;28:1;3:1;34:0;4:1;41:0;43:1;44:0;45:1;47:1;49:0;6:1;7:1;8:1,SIM
flood,50,20,9,warm,240.0,60.0,node_hello,continuous,delay0.160|drop0.00,15,15,0.75,0.4272640000000081,2.5019385590310406,47.4,227.83488000000187,37.81017600000009,190.02470400000178,0.16595429110766438,0.2537634408602151,0.75,0,883,0.0,915,711,204,20,117,930,0,0.0,1.0,0,0.16,node_hello,1:0;10:1;11:1;13:1;17:1;21:1;22:1;26:0;29:1;3:1;33:0;36:1;38:1;39:1;42:0;43:1;45:1;46:1;48:0;8:1,SIM
flood,50,20,9,warm,240.0,60.0,node_hello,continuous,delay0.160|drop0.00,16,11,0.55,0.4272640000000081,1.3101873313631103,62.54545454545455,221.6878080000016,37.81017600000009,183.8776320000015,0.17055595587827643,0.2330654420206659,0.55,0,865,0.0,892,688,204,20,0,871,0,0.0,1.0,0,0.16,node_hello,1:1;13:1;14:1;17:0;22:0;3:1;30:1;32:1;33:0;34:0;37:1;4:0;40:0;41:1;42:0;44:1;45:1;46:0;49:1;9:0,SIM
flood,50,20,9,warm,240.0,60.0,node_hello,continuous,delay0.160|drop0.00,17,16,0.8,0.42726399999999387,0.5074206132834647,43.875,225.42950400000177,37.81017600000009,187.61932800000167,0.1677250551906453,0.1668696711327649,0.8,0,880,0.0,906,702,204,20,0,821,0,0.0,1.0,0,0.16,node_hello,0:1;1:1;13:1;14:1;17:0;19:1;21:1;27:1;29:0;3:1;30:1;33:0;34:1;40:1;43:1;46:1;48:1;49:0;6:1;7:1,SIM
flood,50,20,9,warm,240.0,60.0,node_hello,continuous,delay0.160|drop0.00,18,17,0.85,0.42726399999999387,0.4272640000000081,44.1764705882353,238.52544000000233,37.81017600000009,200.71526400000224,0.15851632429647639,0.16247139588100687,0.85,0,930,0.0,955,751,204,20,0,874,0,0.0,1.0,0,0.16,node_hello,10:1;14:1;20:1;21:1;23:1;24:1;25:1;29:1;31:1;32:1;33:0;34:0;35:1;36:1;4:1;44:1;45:0;47:1;48:1;5:1,SIM
flood,50,20,9,warm,240.0,60.0,node_hello,continuous,delay0.160|drop0.00,19,11,0.55,0.42726399999999387,1.4220864885913755,60.18181818181818,214.7389440000013,37.81017600000009,176.9287680000012,0.1760750765357208,0.11570247933884298,0.55,0,844,0.0,866,662,204,20,0,726,0,0.0,1.0,0,0.16,node_hello,12:0;15:1;17:1;18:1;2:1;20:1;27:1;28:0;34:0;37:0;39:0;4:1;40:1;41:1;43:0;45:0;47:1;7:0;8:0;9:1,SIM
flood,50,20,9,warm,240.0,60.0,node_hello,continuous,delay0.160|drop0.01,0,16,0.8,0.42726399999999387,0.4272640000000081,45.6875,233.1801600000021,37.81017600000009,195.369984000002,0.16215005599104035,0.18327605956471935,0.8,0,910,0.0,935,731,204,20,0,873,0,0.0,1.0,0,0.16,node_hello,0:1;10:1;11:1;16:1;17:0;19:1;21:1;22:1;24:1;26:0;28:1;30:1;32:1;33:1;36:1;38:1;42:0;46:1;7:0;9:1,SIM
flood,50,20,9,warm,240.0,60.0,node_hello,continuous,delay0.160|drop0.01,1,10,0.5,0.427264000000001,1.7559519234524619,75.4,239.32723200000237,37.81017600000009,201.51705600000227,0.15798526429286458,0.16780045351473924,0.5,0,932,0.0,958,754,204,20,0,882,0,0.0,1.0,1,0.16799999999999998,node_hello,1:0;10:1;14:0;19:1;20:0;25:1;27:1;28:1;3:0;32:0;33:1;34:1;4:0;40:1;41:0;42:1;43:0;44:1;45:0;48:0,SIM
flood,50,20,9,warm,240.0,60.0,node_hello,continuous,delay0.160|drop0.01,2,11,0.55,0.42726399999999387,0.5671762187514489,65.72727272727273,231.042048000002,37.81017600000009,193.2318720000019,0.16365062691964954,0.11904761904761904,0.55,0,903,0.0,927,723,204,20,0,798,0,0.0,1.0,0,0.16,node_hello,0:1;14:1;15:1;16:0;17:1;2:0;23:1;27:1;28:1;29:1;32:0;37:0;39:0;4:0;40:0;42:0;46:1;47:0;5:1;6:1,SIM
flood,50,20,9,warm,240.0,60.0,node_hello,continuous,delay0.160|drop0.01,3,19,0.95,0.42726399999999387,0.4658950296448956,38.31578947368421,232.37836800000207,37.81017600000009,194.56819200000197,0.162709534133572,0.14285714285714285,0.95,0,907,0.0,932,728,204,20,0,826,0,0.0,1.0,0,0.16,node_hello,10:1;11:1;12:1;13:1;14:1;17:1;2:0;20:1;21:1;25:1;28:1;33:1;36:1;40:1;41:1;45:1;48:1;49:1;5:1;7:1,SIM
flood,50,20,9,warm,240.0,60.0,node_hello,continuous,delay0.160|drop0.01,4,16,0.8,0.42726399999999387,1.0215058594213424,47.25,239.8617600000024,37.81017600000009,202.0515840000023,0.1576331967213103,0.17117117117117117,0.8,0,933,0.0,960,756,204,20,0,888,0,0.0,1.0,0,0.16,node_hello,10:1;12:1;13:1;17:1;18:1;2:1;21:0;25:1;26:1;29:1;3:1;31:0;33:1;39:1;4:1;41:1;42:0;43:1;44:1;8:0,SIM
flood,50,20,9,warm,240.0,60.0,node_hello,continuous,delay0.160|drop0.01,5,8,0.4,0.42726399999999387,0.4272640000000081,72.625,193.09056000000038,37.81017600000009,155.28038400000028,0.1958157664465835,0.20396600566572237,0.4,0,762,0.0,785,581,204,20,0,706,0,0.0,1.0,0,0.16,node_hello,0:1;11:1;16:0;17:0;18:0;20:1;21:0;22:0;29:1;30:1;32:0;33:0;35:0;37:0;41:0;44:0;45:1;46:1;49:0;8:1,SIM
flood,50,20,9,warm,240.0,60.0,node_hello,continuous,delay0.160|drop0.01,6,16,0.8,0.42726399999999387,0.4272640000000081,43.375,223.29139200000168,37.81017600000009,185.48121600000158,0.16933109539663674,0.04397163120567376,0.8,0,876,0.0,898,694,204,20,0,705,0,0.0,1.0,0,0.16,node_hello,1:1;10:1;12:1;16:1;24:0;28:0;29:1;30:1;31:0;35:1;37:1;39:1;4:1;40:1;42:1;44:1;45:0;46:1;5:1;8:1,SIM
flood,50,20,9,warm,240.0,60.0,node_hello,continuous,delay0.160|drop0.01,7,13,0.65,0.42726399999999387,0.5876086545244612,57.38461538461539,237.18912000000228,37.81017600000009,199.37894400000218,0.15940940292708083,0.11678832116788321,0.65,0,925,0.0,950,746,204,20,0,822,0,0.0,1.0,0,0.16,node_hello,1:1;10:0;14:1;16:0;19:1;21:1;22:0;23:0;32:1;33:0;34:1;41:1;42:1;43:1;44:1;45:0;48:0;49:1;5:1;9:1,SIM
flood,50,20,9,warm,240.0,60.0,node_hello,continuous,delay0.160|drop0.01,8,8,0.4,0.4272640000000081,2.0144117339701872,82.75,214.7389440000013,37.81017600000009,176.9287680000012,0.1760750765357208,0.10957004160887657,0.4,0,845,0.0,866,662,204,20,0,721,0,0.0,1.0,0,0.16,node_hello,0:0;14:0;18:0;19:0;20:0;22:0;23:0;25:1;26:0;33:1;35:0;38:0;39:1;40:0;41:1;44:1;45:1;46:1;48:0;5:1,SIM
flood,50,20,9,warm,240.0,60.0,node_hello,continuous,delay0.160|drop0.01,9,17,0.85,0.42726399999999387,0.4272640000000081,41.64705882352941,227.03308800000184,37.81017600000009,189.22291200000174,0.16654037670491353,0.09711286089238845,0.85,0,888,0.0,912,708,204,20,0,762,0,0.0,1.0,0,0.16,node_hello,0:1;1:1;11:1;12:1;14:1;16:1;17:1;24:1;27:1;29:1;30:0;34:1;35:0;37:1;4:1;41:1;44:0;45:1;49:1;5:1,SIM
flood,50,20,9,warm,240.0,60.0,node_hello,continuous,delay0.160|drop0.01,10,14,0.7,0.427264000000001,0.5290501240921961,50.92857142857143,228.3694080000019,37.81017600000009,190.5592320000018,0.16556585372415458,0.08333333333333333,0.7,0,896,0.0,917,713,204,20,0,756,0,0.0,1.0,0,0.16,node_hello,0:0;12:1;13:1;17:0;23:0;24:1;26:1;27:1;28:0;33:1;35:0;38:1;4:1;42:1;44:1;46:1;47:1;48:1;49:0;7:1,SIM
flood,50,20,9,warm,240.0,60.0,node_hello,continuous,delay0.160|drop0.01,11,17,0.85,0.42726399999999387,0.4272640000000081,40.23529411764706,220.61875200000156,37.81017600000009,182.80857600000147,0.17138242174445725,0.030656934306569343,0.85,0,867,0.0,888,684,204,20,0,685,0,0.0,1.0,0,0.16,node_hello,1:1;19:0;2:1;20:1;22:1;23:1;28:1;30:1;31:1;34:1;38:1;4:0;40:0;41:1;42:1;44:1;45:1;48:1;49:1;8:1,SIM
flood,50,20,9,warm,240.0,60.0,node_hello,continuous,delay0.160|drop0.01,12,12,0.6,0.42726399999999387,0.5610846631540409,58.5,225.42950400000177,37.81017600000009,187.61932800000167,0.1677250551906453,0.056708160442600276,0.6,0,882,0.0,906,702,204,20,73,723,0,0.0,1.0,0,0.16,node_hello,10:1;12:1;13:1;15:1;17:1;19:0;22:1;24:0;25:1;26:1;31:1;34:1;39:0;4:0;40:0;42:0;45:0;46:1;6:1;7:0,SIM
flood,50,20,9,warm,240.0,60.0,node_hello,continuous,delay0.160|drop0.01,13,13,0.65,0.42726399999999387,0.5640042976389334,52.69230769230769,220.88601600000158,37.81017600000009,183.07584000000148,0.17117505528281077,0.20927467300832342,0.65,0,865,0.0,889,685,204,20,0,841,0,0.0,1.0,1,0.16799999999999998,node_hello,10:1;18:0;2:0;20:0;22:1;23:1;27:1;28:0;3:1;31:0;34:0;35:1;37:1;42:1;43:1;47:1;48:0;49:1;6:1;8:1,SIM
flood,50,20,9,warm,240.0,60.0,node_hello,continuous,delay0.160|drop0.01,14,16,0.8,0.4272640000000081,1.0386511642439125,44.125,226.49856000000182,37.81017600000009,188.68838400000172,0.16693340566933312,0.16117216117216118,0.8,0,885,0.0,910,706,204,20,0,819,0,0.0,1.0,2,0.176,node_hello,0:1;10:1;19:1;2:1;23:1;24:1;27:1;28:1;3:0;34:1;4:1;41:1;43:1;44:1;45:1;47:1;49:0;6:0;7:0;8:1,SIM
flood,50,20,9,warm,240.0,60.0,node_hello,continuous,delay0.160|drop0.01,15,15,0.75,0.4272640000000081,2.5019385590310406,47.4,227.83488000000187,37.81017600000009,190.02470400000178,0.16595429110766438,0.2537634408602151,0.75,0,883,0.0,915,711,204,20,117,930,0,0.0,1.0,0,0.16,node_hello,1:0;10:1;11:1;13:1;17:1;21:1;22:1;26:0;29:1;3:1;33:0;36:1;38:1;39:1;42:0;43:1;45:1;46:1;48:0;8:1,SIM
flood,50,20,9,warm,240.0,60.0,node_hello,continuous,delay0.160|drop0.01,16,11,0.55,0.4272640000000081,1.3101873313631103,62.54545454545455,221.6878080000016,37.81017600000009,183.8776320000015,0.17055595587827643,0.2330654420206659,0.55,0,865,0.0,892,688,204,20,0,871,0,0.0,1.0,0,0.16,node_hello,1:1;13:1;14:1;17:0;22:0;3:1;30:1;32:1;33:0;34:0;37:1;4:0;40:0;41:1;42:0;44:1;45:1;46:0;49:1;9:0,SIM
flood,50,20,9,warm,240.0,60.0,node_hello,continuous,delay0.160|drop0.01,17,16,0.8,0.42726399999999387,0.5074206132834647,43.875,225.42950400000177,37.81017600000009,187.61932800000167,0.1677250551906453,0.1668696711327649,0.8,0,880,0.0,906,702,204,20,0,821,0,0.0,1.0,0,0.16,node_hello,0:1;1:1;13:1;14:1;17:0;19:1;21:1;27:1;29:0;3:1;30:1;33:0;34:1;40:1;43:1;46:1;48:1;49:0;6:1;7:1,SIM
flood,50,20,9,warm,240.0,60.0,node_hello,continuous,delay0.160|drop0.01,18,17,0.85,0.42726399999999387,0.4272640000000081,44.1764705882353,238.52544000000233,37.81017600000009,200.71526400000224,0.15851632429647639,0.16247139588100687,0.85,0,930,0.0,955,751,204,20,0,874,0,0.0,1.0,0,0.16,node_hello,10:1;14:1;20:1;21:1;23:1;24:1;25:1;29:1;31:1;32:1;33:0;34:0;35:1;36:1;4:1;44:1;45:0;47:1;48:1;5:1,SIM
flood,50,20,9,warm,240.0,60.0,node_hello,continuous,delay0.160|drop0.01,19,11,0.55,0.42726399999999387,1.4220864885913755,60.18181818181818,214.7389440000013,37.81017600000009,176.9287680000012,0.1760750765357208,0.11570247933884298,0.55,0,844,0.0,866,662,204,20,0,726,0,0.0,1.0,0,0.16,node_hello,12:0;15:1;17:1;18:1;2:1;20:1;27:1;28:0;34:0;37:0;39:0;4:1;40:1;41:1;43:0;45:0;47:1;7:0;8:0;9:1,SIM
flood,50,20,9,warm,240.0,60.0,node_hello,continuous,delay0.160|drop0.10,0,16,0.8,0.4272640000000081,0.7057513254482295,49.375,248.94873600000278,37.81017600000009,211.13856000000268,0.15187936523606077,0.23686818632309217,0.8,0,965,0.0,994,790,204,20,0,1009,0,0.0,1.0,2,0.176,node_hello,0:1;10:1;11:1;16:0;17:1;19:1;21:0;22:1;24:1;26:0;28:1;30:1;32:1;33:0;36:1;38:1;42:1;46:1;7:1;9:1,SIM
flood,50,20,9,warm,240.0,60.0,node_hello,continuous,delay0.160|drop0.10,1,11,0.55,0.42726399999999387,0.6552772008270793,68.0,237.7236480000023,37.81017600000009,199.9134720000022,0.1590509666080832,0.10123456790123457,0.55,0,928,0.0,952,748,204,20,0,810,0,0.0,1.0,2,0.176,node_hello,1:1;10:1;14:0;19:1;20:0;25:1;27:1;28:0;3:1;32:1;33:1;34:1;4:0;40:1;41:0;42:0;43:0;44:1;45:0;48:0,SIM
flood,50,20,9,warm,240.0,60.0,node_hello,continuous,delay0.160|drop0.10,2,11,0.55,0.4272640000000081,1.123413174420655,64.18181818181819,226.49856000000182,37.81017600000009,188.68838400000172,0.16693340566933312,0.0653950953678474,0.55,0,887,0.0,910,706,204,20,0,734,0,0.0,1.0,3,0.184,node_hello,0:0;14:1;15:1;16:1;17:0;2:1;23:0;27:0;28:0;29:1;32:1;37:0;39:1;4:0;40:1;42:0;46:1;47:0;5:1;6:1,SIM
flood,50,20,9,warm,240.0,60.0,node_hello,continuous,delay0.160|drop0.10,3,19,0.95,0.4272640000000081,0.6098950296448928,38.1578947368421,231.57657600000204,37.81017600000009,193.76640000000194,0.16327288645981086,0.1433778857837181,0.95,0,904,0.0,929,725,204,20,0,823,0,0.0,1.0,3,0.184,node_hello,10:1;11:1;12:1;13:1;14:1;17:1;2:0;20:1;21:1;25:1;28:1;33:1;36:1;40:1;41:1;45:1;48:1;49:1;5:1;7:1,SIM
flood,50,20,9,warm,240.0,60.0,node_hello,continuous,delay0.160|drop0.10,4,16,0.8,0.42726399999999387,1.0215058594213424,47.1875,239.59449600000238,37.81017600000009,201.78432000000228,0.15780903414408867,0.1713641488162345,0.8,0,932,0.0,959,755,204,20,0,887,0,0.0,1.0,1,0.16799999999999998,node_hello,10:1;12:1;13:1;17:1;18:1;2:1;21:0;25:1;26:1;29:1;3:1;31:0;33:1;39:1;4:1;41:1;42:0;43:1;44:1;8:0,SIM
flood,50,20,9,warm,240.0,60.0,node_hello,continuous,delay0.160|drop0.10,5,8,0.4,0.42726399999999387,0.4272640000000081,72.625,193.09056000000038,37.81017600000009,155.28038400000028,0.1958157664465835,0.20396600566572237,0.4,0,762,0.0,785,581,204,20,0,706,0,0.0,1.0,0,0.16,node_hello,0:1;11:1;16:0;17:0;18:0;20:1;21:0;22:0;29:1;30:1;32:0;33:0;35:0;37:0;41:0;44:0;45:1;46:1;49:0;8:1,SIM
flood,50,20,9,warm,240.0,60.0,node_hello,continuous,delay0.160|drop0.10,6,12,0.6,0.42726399999999387,0.9083802701458786,60.0,230.24025600000198,37.81017600000009,192.43008000000188,0.1642205262315195,0.0979381443298969,0.6,0,900,0.0,924,720,204,20,0,776,0,0.0,1.0,1,0.16799999999999998,node_hello,1:0;10:1;12:1;16:0;24:0;28:0;29:1;30:0;31:1;35:1;37:0;39:1;4:1;40:1;42:1;44:0;45:0;46:1;5:1;8:1,SIM
flood,50,20,9,warm,240.0,60.0,node_hello,continuous,delay0.160|drop0.10,7,13,0.65,0.42726399999999387,0.5876086545244612,57.23076923076923,236.65459200000225,37.81017600000009,198.84441600000216,0.15976945843501625,0.11491442542787286,0.65,0,923,0.0,948,744,204,20,0,818,0,0.0,1.0,2,0.176,node_hello,1:1;10:0;14:1;16:0;19:1;21:1;22:0;23:0;32:1;33:0;34:1;41:1;42:1;43:1;44:1;45:0;48:0;49:1;5:1;9:1,SIM
flood,50,20,9,warm,240.0,60.0,node_hello,continuous,delay0.160|drop0.10,8,8,0.4,0.4272640000000081,2.0144117339701872,82.75,214.7389440000013,37.81017600000009,176.9287680000012,0.1760750765357208,0.10957004160887657,0.4,0,845,0.0,866,662,204,20,0,721,0,0.0,1.0,0,0.16,node_hello,0:0;14:0;18:0;19:0;20:0;22:0;23:0;25:1;26:0;33:1;35:0;38:0;39:1;40:0;41:1;44:1;45:1;46:1;48:0;5:1,SIM
flood,50,20,9,warm,240.0,60.0,node_hello,continuous,delay0.160|drop0.10,9,14,0.7,0.4272640000000081,0.5872639999999955,50.285714285714285,225.9640320000018,37.81017600000009,188.1538560000017,0.16732829408885655,0.09403973509933775,0.7,0,884,0.0,908,704,204,20,0,755,0,0.0,1.0,4,0.192,node_hello,0:0;1:1;11:1;12:0;14:1;16:1;17:1;24:1;27:1;29:1;30:0;34:1;35:0;37:1;4:1;41:1;44:0;45:1;49:1;5:0,SIM
flood,50,20,9,warm,240.0,60.0,node_hello,continuous,delay0.160|drop0.10,10,13,0.65,0.4272640000000081,0.8747833225688646,54.69230769230769,227.83488000000187,37.81017600000009,190.02470400000178,0.16595429110766438,0.07866666666666666,0.65,0,894,0.0,915,711,204,20,0,750,0,0.0,1.0,2,0.176,node_hello,0:0;12:1;13:1;17:0;23:0;24:1;26:1;27:1;28:0;33:1;35:0;38:1;4:1;42:1;44:1;46:1;47:1;48:1;49:0;7:0,SIM
flood,50,20,9,warm,240.0,60.0,node_hello,continuous,delay0.160|drop0.10,11,16,0.8,0.4272640000000081,1.1905489241917628,44.375,227.56761600000186,37.81017600000009,189.75744000000176,0.16614919409271212,0.09210526315789473,0.8,0,891,0.0,914,710,204,20,0,760,0,0.0,1.0,8,0.22400000000000003,node_hello,1:0;19:1;2:1;20:1;22:1;23:1;28:1;30:1;31:1;34:1;38:1;4:1;40:0;41:1;42:1;44:0;45:0;48:1;49:1;8:1,SIM
flood,50,20,9,warm,240.0,60.0,node_hello,continuous,delay0.160|drop0.10,12,9,0.45,0.42726399999999387,0.5872640000000047,82.55555555555556,236.38732800000224,37.81017600000009,198.57715200000214,0.1599500968173714,0.09850374064837905,0.45,0,921,0.0,947,743,204,20,74,802,0,0.0,1.0,3,0.184,node_hello,10:1;12:0;13:1;15:1;17:1;19:0;22:1;24:0;25:0;26:1;31:0;34:0;39:1;4:0;40:0;42:0;45:0;46:1;6:1;7:0,SIM
flood,50,20,9,warm,240.0,60.0,node_hello,continuous,delay0.160|drop0.10,13,13,0.65,0.42726399999999387,0.5640042976389334,52.69230769230769,220.88601600000158,37.81017600000009,183.07584000000148,0.17117505528281077,0.20927467300832342,0.65,0,865,0.0,889,685,204,20,0,841,0,0.0,1.0,1,0.16799999999999998,node_hello,10:1;18:0;2:0;20:0;22:1;23:1;27:1;28:0;3:1;31:0;34:0;35:1;37:1;42:1;43:1;47:1;48:0;49:1;6:1;8:1,SIM
flood,50,20,9,warm,240.0,60.0,node_hello,continuous,delay0.160|drop0.10,14,16,0.8,0.4272640000000081,1.0386511642439125,44.125,226.49856000000182,37.81017600000009,188.68838400000172,0.16693340566933312,0.16117216117216118,0.8,0,885,0.0,910,706,204,20,0,819,0,0.0,1.0,2,0.176,node_hello,0:1;10:1;19:1;2:1;23:1;24:1;27:1;28:1;3:0;34:1;4:1;41:1;43:1;44:1;45:1;47:1;49:0;6:0;7:0;8:1,SIM
flood,50,20,9,warm,240.0,60.0,node_hello,continuous,delay0.160|drop0.10,15,16,0.8,0.4272640000000081,0.8717643121939194,43.75,224.89497600000175,37.81017600000009,187.08480000000165,0.16812370232761356,0.15527950310559005,0.8,0,877,0.0,904,700,204,20,115,805,0,0.0,1.0,2,0.176,node_hello,1:1;10:1;11:0;13:0;17:1;21:1;22:1;26:0;29:1;3:1;33:1;36:1;38:1;39:1;42:1;43:1;45:1;46:1;48:0;8:1,SIM
flood,50,20,9,warm,240.0,60.0,node_hello,continuous,delay0.160|drop0.10,16,15,0.75,0.4272640000000081,1.243575552942647,48.733333333333334,233.1801600000021,37.81017600000009,195.369984000002,0.16215005599104035,0.2153846153846154,0.75,0,907,0.0,935,731,204,20,0,910,0,0.0,1.0,4,0.192,node_hello,1:1;13:1;14:1;17:0;22:1;3:1;30:0;32:1;33:1;34:1;37:1;4:1;40:1;41:1;42:0;44:1;45:1;46:1;49:0;9:0,SIM
flood,50,20,9,warm,240.0,60.0,node_hello,continuous,delay0.160|drop0.10,17,11,0.55,0.42726399999999387,0.4272640000000081,60.63636363636363,216.07526400000137,37.81017600000009,178.26508800000127,0.1749861381634126,0.0,0.55,0,851,0.0,871,667,204,20,0,647,0,0.0,1.0,2,0.176,node_hello,0:1;1:1;13:1;14:1;17:1;19:0;21:1;27:0;29:1;3:1;30:1;33:0;34:0;40:1;43:0;46:0;48:1;49:0;6:0;7:0,SIM
flood,50,20,9,warm,240.0,60.0,node_hello,continuous,delay0.160|drop0.10,18,19,0.95,0.42726399999999387,0.6032639999999911,40.78947368421053,244.9397760000026,37.81017600000009,207.1296000000025,0.1543651938344211,0.0979689366786141,0.95,0,956,0.0,979,775,204,20,0,837,0,0.0,1.0,3,0.184,node_hello,10:1;14:1;20:1;21:1;23:1;24:1;25:1;29:1;31:1;32:1;33:1;34:1;35:0;36:1;4:1;44:1;45:1;47:1;48:1;5:1,SIM
flood,50,20,9,warm,240.0,60.0,node_hello,continuous,delay0.160|drop0.10,19,11,0.55,0.42726399999999387,1.5020864885913738,60.0,214.2044160000013,37.81017600000009,176.3942400000012,0.1765144561725556,0.11602209944751381,0.55,0,842,0.0,864,660,204,20,0,724,0,0.0,1.0,2,0.176,node_hello,12:0;15:1;17:1;18:1;2:1;20:1;27:1;28:0;34:0;37:0;39:0;4:1;40:1;41:1;43:0;45:0;47:1;7:0;8:0;9:1,SIM
