label,dpdr_warm,dpdr_warm_sd,dpdr_cold,sign_warm,evidence
"baseline (n=4, slope 6, mid 0, duty 1 %, beacon 60 s)",0.014999999999999986,0.08077747210701756,-0.020000000000000018,gradient thắng,SIM
n=2.5,0.0,0.0,0.0,flood thắng,SIM
n=3.0,0.004999999999999993,0.01499999999999998,0.0050000000000000044,gradient thắng,SIM
n=3.5,0.009999999999999995,0.066332495807108,-0.025000000000000005,gradient thắng,SIM
n=4.0,0.014999999999999986,0.08077747210701756,-0.020000000000000018,gradient thắng,SIM
slope=3.0 dB,-0.025,0.04031128874149275,-0.004999999999999999,flood thắng,SIM
slope=6.0 dB,0.014999999999999986,0.08077747210701756,-0.020000000000000018,gradient thắng,SIM
slope=12.0 dB,0.02,0.0714142842854285,0.030000000000000006,gradient thắng,SIM
margin_50=-6 dB,-0.014999999999999982,0.05937171043518959,-0.004999999999999993,flood thắng,SIM
margin_50=+0 dB,0.014999999999999986,0.08077747210701756,-0.020000000000000018,gradient thắng,SIM
margin_50=+6 dB,-0.03499999999999999,0.08958236433584459,0.009999999999999998,flood thắng,SIM
duty=1%,0.014999999999999986,0.08077747210701756,-0.020000000000000018,gradient thắng,SIM
duty=10%,0.014999999999999986,0.08077747210701756,-0.020000000000000018,gradient thắng,SIM
beacon=30s,-0.03,0.06403124237432849,-0.05,flood thắng,SIM
beacon=60s,0.014999999999999986,0.08077747210701756,-0.020000000000000018,gradient thắng,SIM
beacon=900s,-0.019999999999999973,0.10295630140986999,-0.045,flood thắng,SIM
capture tắt,2.7755575615628915e-18,0.1224744871391589,-0.004999999999999996,gradient thắng,SIM
"link PDR cố định 0,8",0.010000000000000012,0.058309518948453015,-0.0050000000000000044,gradient thắng,SIM
không beacon,-0.040000000000000015,0.06999999999999998,-0.03499999999999999,flood thắng,SIM
