rival,n_nodes,n_sos,sf,start_mode,n_pairs,mean_dpdr,sd_dpdr,pdr_wins,pdr_losses,mean_dtx,mean_dcontrol_ratio,mean_dcollisions
managed_flood,25,5,7,cold,20,-0.059999999999999984,0.09403246919632544,0,6,-11.3875,0.16558292790291704,-65.25
managed_flood,25,5,7,warm,20,-0.06999999999999998,0.11742858972247994,1,8,-11.6075,0.1699286558506362,-63.85
managed_flood,25,5,9,cold,20,0.04000000000000001,0.28727393858384315,3,4,-17.638333333333332,0.13608199749518232,-56.7
managed_flood,25,5,9,warm,20,0.07,0.29929742292312017,5,4,-18.763333333333332,0.13486194800053847,-56.45
managed_flood,25,20,7,cold,20,-0.065,0.051554774142091864,0,15,-12.549489379084967,0.10473855397733663,-267.1
managed_flood,25,20,7,warm,20,-0.0625,0.04832728334791304,0,14,-12.48875042999656,0.10383198478108231,-260.7
managed_flood,25,20,9,cold,20,0.05,0.10760551736979408,11,6,-12.697318716285434,0.09298937956750716,-232.5
managed_flood,25,20,9,warm,20,0.045,0.11109502807577798,9,6,-12.71036201693903,0.09427012592504137,-233.85
managed_flood,50,5,7,cold,20,-0.019999999999999997,0.08944271909999157,1,3,-24.225,0.16907161733738435,-144.75
managed_flood,50,5,7,warm,20,-0.029999999999999992,0.07326950970650463,0,3,-23.9125,0.17099477534308294,-141.95
managed_flood,50,5,9,cold,20,0.13000000000000003,0.22734161635370634,12,4,-26.916666666666668,0.12117713767284281,-80.05
managed_flood,50,5,9,warm,20,0.11000000000000003,0.2381949665825522,11,5,-26.750833333333333,0.12795595974532373,-81.85
managed_flood,50,20,7,cold,20,-0.047499999999999994,0.05495213227987848,2,12,-23.460228758169936,0.099974007685651,-579.8
managed_flood,50,20,7,warm,20,-0.03,0.05712405705774793,2,9,-24.12231832645339,0.09837404362417684,-579.4
managed_flood,50,20,9,cold,20,0.10999999999999999,0.1456383408165222,14,3,-29.1800549547202,0.09513526834525676,-358.1
managed_flood,50,20,9,warm,20,0.11749999999999998,0.15241477342401796,15,4,-28.873841278046,0.09331647264429829,-351.6
managed_flood,100,5,7,cold,20,0.05,0.17013926184468012,6,3,-44.675,0.13825809719362744,-224.3
managed_flood,100,5,7,warm,20,0.06999999999999999,0.1750187959830841,8,3,-47.1925,0.13918292795918905,-216.9
managed_flood,100,5,9,cold,20,-0.009999999999999992,0.25526044491233285,6,10,-53.17916666666666,0.1662326330038092,-177.5
managed_flood,100,5,9,warm,20,5.551115123125783e-18,0.2427907914667536,7,9,-54.629999999999995,0.16255790465601605,-172.7
managed_flood,100,20,7,cold,20,0.015000000000000013,0.0812727700887249,12,6,-42.50176148090815,0.08478073985245536,-913.15
managed_flood,100,20,7,warm,20,0.027500000000000007,0.08346918750747424,12,5,-44.1275279497764,0.08568390962924503,-912.5
managed_flood,100,20,9,cold,20,-0.025,0.12824729401064427,8,10,-49.65310293872794,0.12105061506899935,-709.6
managed_flood,100,20,9,warm,20,-0.034999999999999996,0.1268027892769755,7,10,-48.20166158596306,0.12119938875618361,-702.8
gradient,25,5,7,cold,20,-0.5,0.24708830724853692,0,19,-21.991666666666667,0.5640501746805958,-81.9
gradient,25,5,7,warm,20,-0.3,0.22004784168807234,0,15,-22.4575,0.5267209378795693,-78.6
gradient,25,5,9,cold,20,-0.15,0.3486817278958292,4,12,-30.149166666666666,0.5236345914799854,-92.5
gradient,25,5,9,warm,20,-0.12,0.3071087583799658,3,11,-31.049166666666668,0.5160935833724439,-91.5
gradient,25,20,7,cold,20,-0.43499999999999994,0.14244112357114613,0,20,-22.518705760613656,0.5731319118349637,-324.4
gradient,25,20,7,warm,20,-0.45999999999999996,0.1500876936643164,0,20,-22.02017090150991,0.5687267261984085,-315.85
gradient,25,20,9,cold,20,-0.11000000000000001,0.10462967275611938,2,17,-24.26187238436658,0.6153065980470447,-363.8
gradient,25,20,9,warm,20,-0.1275,0.11059052019904209,2,17,-24.039354293797018,0.612810595980212,-363.0
gradient,50,5,7,cold,20,-0.44000000000000006,0.22100250058123302,0,19,-46.97166666666667,0.5936096990594432,-198.7
gradient,50,5,7,warm,20,-0.42000000000000004,0.20416711421361616,0,19,-46.3725,0.5833300420220257,-195.75
gradient,50,5,9,cold,20,-0.03,0.20799797569865155,5,7,-50.835,0.5110657411959043,-164.9
gradient,50,5,9,warm,20,-0.06,0.2062190965683675,4,9,-50.597500000000004,0.5102363124020964,-164.25
gradient,50,20,7,cold,20,-0.43,0.16254554017744982,0,20,-46.13847943508161,0.7199923209870416,-795.45
gradient,50,20,7,warm,20,-0.42750000000000005,0.17050621226527976,0,20,-46.16622513451461,0.6950382258539052,-794.65
gradient,50,20,9,cold,20,-0.030000000000000016,0.10809352675491621,7,10,-52.963992132953045,0.7103393093619976,-687.7
gradient,50,20,9,warm,20,-0.03250000000000001,0.0990414586237288,6,10,-52.54720891616982,0.7094375341504396,-683.45
gradient,100,5,7,cold,20,-0.3,0.22004784168807237,1,18,-92.99583333333332,0.5968362938381754,-396.5
gradient,100,5,7,warm,20,-0.27,0.253605578553951,2,17,-94.17916666666666,0.5766247825767066,-385.6
gradient,100,5,9,cold,20,0.039999999999999994,0.19029063643750174,6,4,-103.77666666666667,0.5401528385886152,-344.05
gradient,100,5,9,warm,20,0.06999999999999999,0.20799797569865155,8,4,-105.29,0.52987432563108,-335.9
gradient,100,20,7,cold,20,-0.4,0.12354415362426846,0,20,-90.48283115319494,0.7803977593429253,-1591.8
gradient,100,20,7,warm,20,-0.39499999999999996,0.11573563341557891,0,20,-91.74091287990476,0.7756848183252887,-1583.2
gradient,100,20,9,cold,20,-0.007500000000000018,0.09770390284721972,8,11,-98.46675548307901,0.7432848370725937,-1331.8
gradient,100,20,9,warm,20,-0.015000000000000013,0.11367080817685317,8,11,-96.61474594849595,0.7414118794735739,-1321.7
trickle,25,5,7,cold,20,-0.10999999999999999,0.13726654823065193,0,9,-9.395,0.14826318521945026,-48.7
trickle,25,5,7,warm,20,-0.04999999999999999,0.08885233166386383,0,5,-10.735,0.14963775210686578,-46.95
trickle,25,5,9,cold,20,-0.009999999999999981,0.2789076436460832,4,6,-16.025,0.13457330791947952,-45.1
trickle,25,5,9,warm,20,0.020000000000000018,0.2966479394838265,6,6,-17.1375,0.13326125889990964,-44.6
trickle,25,20,7,cold,20,-0.13,0.05712405705774792,0,20,-11.847053233574131,0.10825796235956711,-259.8
trickle,25,20,7,warm,20,-0.12999999999999998,0.0714511242591377,0,19,-11.458661420708633,0.10381506610747089,-247.2
trickle,25,20,9,cold,20,-0.095,0.10117728057851307,2,15,-11.815599204931635,0.11648415389287699,-252.15
trickle,25,20,9,warm,20,-0.09500000000000001,0.10625193496690084,3,15,-11.726139722420681,0.1152244541131984,-252.45
trickle,50,5,7,cold,20,-0.12,0.1507874069850104,0,9,-20.4725,0.17040323105969285,-118.85
trickle,50,5,7,warm,20,-0.12999999999999998,0.1341640786499874,0,11,-19.53666666666667,0.16769847506772348,-119.05
trickle,50,5,9,cold,20,0.03000000000000001,0.1341640786499874,4,2,-21.706666666666667,0.12193559771358731,-68.85
trickle,50,5,9,warm,20,0.030000000000000016,0.14903196407411895,5,3,-21.273333333333333,0.12239439485174146,-68.7
trickle,50,20,7,cold,20,-0.22749999999999998,0.054952132279878496,0,20,-21.89524533666368,0.1291730763156136,-622.3
trickle,50,20,7,warm,20,-0.19749999999999998,0.10696162617352173,1,19,-22.552419283502875,0.1243639292255631,-615.1
trickle,50,20,9,cold,20,-0.08750000000000002,0.15378984293337997,6,12,-27.418253002802153,0.1402364150785592,-445.6
trickle,50,20,9,warm,20,-0.09000000000000001,0.1474341958477176,5,13,-26.79053544258459,0.13915230039631601,-440.55
trickle,100,5,7,cold,20,-0.15,0.22360679774997896,2,11,-33.37,0.1689500767421604,-221.35
trickle,100,5,7,warm,20,-0.09,0.2100125309544522,3,8,-38.656666666666666,0.16332593239582052,-212.45
trickle,100,5,9,cold,20,-0.03000000000000001,0.253605578553951,6,10,-42.11333333333333,0.132797602992594,-145.2
trickle,100,5,9,warm,20,-0.04000000000000002,0.23929721664644754,6,10,-42.829166666666666,0.13297456315447828,-142.7
trickle,100,20,7,cold,20,-0.2625,0.0534961877638319,0,20,-42.423258781122556,0.1497163290075943,-1187.15
trickle,100,20,7,warm,20,-0.25,0.07433919416750283,0,20,-43.56658505495193,0.15015819649516454,-1180.0
trickle,100,20,9,cold,20,-0.16499999999999998,0.11250730970404593,1,18,-47.159520202020204,0.16111211726371266,-850.15
trickle,100,20,9,warm,20,-0.1825,0.10915344100948228,1,19,-44.78735915228562,0.16154599060358116,-843.65
store_carry_forward,25,5,7,cold,20,-0.03,0.09787209698591857,0,2,-10.583333333333332,0.17035990953703106,-47.2
store_carry_forward,25,5,7,warm,20,-0.029999999999999992,0.09787209698591856,1,4,-10.7225,0.16998464453200415,-45.65
store_carry_forward,25,5,9,cold,20,0.08,0.2627786741327145,8,4,-17.3725,0.1458518495730086,-37.8
store_carry_forward,25,5,9,warm,20,0.12,0.2546411303445653,10,3,-18.1625,0.13668698242645408,-37.1
store_carry_forward,25,20,7,cold,20,-0.0425,0.06340139463848773,1,11,-10.966828560371516,0.09922520152041561,-235.7
store_carry_forward,25,20,7,warm,20,-0.04750000000000001,0.07158910531638177,1,13,-10.971274079807362,0.1006790077467468,-229.65
store_carry_forward,25,20,9,cold,20,0.027500000000000004,0.11638751063399777,12,7,-11.326207635888363,0.10004278273267213,-197.3
store_carry_forward,25,20,9,warm,20,0.039999999999999994,0.11424811411549587,11,6,-11.395798279163218,0.09835709053607522,-196.55
store_carry_forward,50,5,7,cold,20,-0.039999999999999994,0.15355437918998288,3,6,-23.140833333333333,0.17746242404449822,-131.75
store_carry_forward,50,5,7,warm,20,-0.039999999999999994,0.12311740225021849,1,4,-22.447499999999998,0.17325960056509962,-126.95
store_carry_forward,50,5,9,cold,20,0.030000000000000016,0.18666040089734592,8,3,-25.5075,0.15467338595702024,-74.25
store_carry_forward,50,5,9,warm,20,0.08000000000000002,0.2546411303445653,11,6,-25.681666666666665,0.13987989204813006,-67.95
store_carry_forward,50,20,7,cold,20,-0.047500000000000014,0.0572965508284932,1,13,-21.43919827141383,0.09556251667999315,-536.8
store_carry_forward,50,20,7,warm,20,-0.03500000000000001,0.05404676337745811,1,11,-22.00654433264534,0.09424457254598839,-533.15
store_carry_forward,50,20,9,cold,20,0.07249999999999998,0.1601602815602972,13,6,-27.371479457719783,0.10137749789541403,-332.45
store_carry_forward,50,20,9,warm,20,0.0975,0.16501594819257542,12,6,-27.164174022142287,0.09528591405306024,-318.15
store_carry_forward,100,5,7,cold,20,0.010000000000000009,0.17740824166460337,4,5,-43.2375,0.15233057307160164,-207.05
store_carry_forward,100,5,7,warm,20,0.030000000000000006,0.21788456625132105,6,5,-46.18083333333333,0.15586597662467222,-206.3
store_carry_forward,100,5,9,cold,20,0.050000000000000024,0.2039091645032686,10,5,-56.72416666666667,0.16725432879021887,-156.3
store_carry_forward,100,5,9,warm,20,0.07999999999999999,0.3138890182683582,10,7,-60.58166666666666,0.17453955376264257,-154.75
store_carry_forward,100,20,7,cold,20,0.0125,0.07047769337285305,9,7,-41.66694874441004,0.08939274501433708,-878.85
store_carry_forward,100,20,7,warm,20,0.03499999999999998,0.07451598203705945,9,5,-43.32741249570004,0.08839345289048324,-869.45
store_carry_forward,100,20,9,cold,20,0.05249999999999999,0.14732259625875813,11,6,-54.37546172244508,0.12605287117194314,-680.45
store_carry_forward,100,20,9,warm,20,0.06000000000000001,0.13917047478769187,11,6,-52.87453828850888,0.12107866144007759,-662.25
